PETER,SCHMIDT,pschmidt0@aboutads.info,28
CHRISTINA,HART,chart1@dropbox.com,29
JANET,WARREN,jwarren2@hc360.com,21
PAMELA,SMITH,psmith3@nps.gov,21
VICTOR,WATKINS,vwatkins4@newsvine.com,29
MILDRED,LARSON,mlarson5@exblog.jp,20
ERIC,THOMPSON,ethompson6@buzzfeed.com,28
PHYLLIS,VASQUEZ,pvasquez7@blogspot.com,28
ALAN,GUTIERREZ,agutierrez8@about.me,26
LOUIS,LOPEZ,llopez9@ning.com,22
ELIZABETH,MYERS,emyersa@bigcartel.com,29
EMILY,PHILLIPS,ephillipsb@1688.com,29
DOROTHY,HOLMES,dholmesc@redcross.org,24
SHIRLEY,CAMPBELL,scampbelld@paypal.com,21
PAMELA,WATSON,pwatsone@pen.io,25
HAROLD,MILLS,hmillsf@va.gov,28
JUAN,KING,jkingg@walmart.com,22
FRED,GORDON,fgordonh@chronoengine.com,27
DOUGLAS,HARRIS,dharrisi@yahoo.co.jp,23
RALPH,BENNETT,rbennettj@utexas.edu,24
STEPHEN,ROMERO,sromerok@nih.gov,20
DOROTHY,ELLIOTT,delliottl@yandex.ru,26
TERRY,RODRIGUEZ,trodriguezm@stanford.edu,23
LOUISE,WHEELER,lwheelern@amazon.de,27
STEVE,RAMOS,sramoso@barnesandnoble.com,21
KELLY,CARROLL,kcarrollp@oakley.com,22
KENNETH,HENDERSON,khendersonq@liveinternet.ru,26
BOBBY,SNYDER,bsnyderr@symantec.com,30
SANDRA,ANDREWS,sandrewss@cbc.ca,23
JULIA,BOWMAN,jbowmant@sogou.com,27
TIMOTHY,NELSON,tnelsonu@nydailynews.com,30
JUSTIN,BROWN,jbrownv@simplemachines.org,24
JOHNNY,MENDOZA,jmendozaw@mit.edu,29
BARBARA,DEAN,bdeanx@myspace.com,20
DIANA,ALLEN,dalleny@hubpages.com,25
EARL,JAMES,ejamesz@umich.edu,23
ROY,KING,rking10@hatena.ne.jp,25
EARL,HALL,ehall11@jiathis.com,21
PHILIP,CARTER,pcarter12@themeforest.net,30
ANDREA,FULLER,afuller13@about.me,26
GLORIA,BRADLEY,gbradley14@yellowbook.com,24
MATTHEW,FOX,mfox15@google.com.au,25
ANNIE,MITCHELL,amitchell16@si.edu,29
KENNETH,COOPER,kcooper17@studiopress.com,29
LORI,FOWLER,lfowler18@businessweek.com,20
GEORGE,GARDNER,ggardner19@liveinternet.ru,25
SARA,FOWLER,sfowler1a@mac.com,27
FRED,HOWARD,fhoward1b@youtu.be,30
ALAN,HART,ahart1c@1und1.de,24
ALBERT,ROBERTSON,arobertson1d@japanpost.jp,20
PATRICK,HAYES,phayes1e@acquirethisname.com,28
TAMMY,ALLEN,tallen1f@blog.com,25
RONALD,BERRY,rberry1g@rakuten.co.jp,20
PHILIP,SIMPSON,psimpson1h@privacy.gov.au,23
LOUIS,HARRISON,lharrison1i@nymag.com,21
BONNIE,WELLS,bwells1j@geocities.com,27
MARK,REED,mreed1k@arstechnica.com,20
CARLOS,MCDONALD,cmcdonald1l@cbc.ca,25
AMY,FOWLER,afowler1m@comsenz.com,22
STEPHANIE,ANDREWS,sandrews1n@icio.us,26
KATHY,SHAW,kshaw1o@nytimes.com,23
WILLIAM,HARVEY,wharvey1p@xrea.com,23
AMY,ARNOLD,aarnold1q@ftc.gov,24
ANNE,BARNES,abarnes1r@prnewswire.com,24
LILLIAN,COOK,lcook1s@devhub.com,21
CHERYL,GONZALES,cgonzales1t@kickstarter.com,22
MARIA,ADAMS,madams1u@telegraph.co.uk,21
CHRISTINE,SIMPSON,csimpson1v@netscape.com,29
BRIAN,PARKER,bparker1w@360.cn,23
ANNIE,DAY,aday1x@joomla.org,26
BRANDON,BAILEY,bbailey1y@berkeley.edu,28
ROBERT,GRAHAM,rgraham1z@homestead.com,29
JAMES,HUNT,jhunt20@privacy.gov.au,24
STEPHEN,FRAZIER,sfrazier21@feedburner.com,25
MARIE,BURTON,mburton22@timesonline.co.uk,24
KIMBERLY,COOK,kcook23@foxnews.com,26
GLORIA,MONTGOMERY,gmontgomery24@comcast.net,26
LISA,LANE,llane25@cpanel.net,24
SHARON,WILLIS,swillis26@si.edu,28
JULIE,BANKS,jbanks27@comcast.net,22
LOUIS,FOWLER,lfowler28@exblog.jp,29
LAWRENCE,WEAVER,lweaver29@gizmodo.com,27
RICHARD,TURNER,rturner2a@uol.com.br,25
BETTY,NELSON,bnelson2b@redcross.org,25
RUSSELL,WILSON,rwilson2c@walmart.com,28
PHILIP,BRADLEY,pbradley2d@elegantthemes.com,28
NANCY,BRADLEY,nbradley2e@studiopress.com,21
TERRY,WOODS,twoods2f@phoca.cz,21
DENNIS,PEREZ,dperez2g@dell.com,24
LAWRENCE,LARSON,llarson2h@hatena.ne.jp,28
JEREMY,NICHOLS,jnichols2i@eventbrite.com,25
BRIAN,HART,bhart2j@woothemes.com,20
JOSE,SPENCER,jspencer2k@newyorker.com,20
TODD,DEAN,tdean2l@sitemeter.com,23
HEATHER,HARPER,hharper2m@walmart.com,27
THERESA,MEDINA,tmedina2n@bing.com,22
ALAN,ADAMS,aadams2o@businessinsider.com,22
JERRY,BROOKS,jbrooks2p@usa.gov,23
BRUCE,DAY,bday2q@ca.gov,27
CRAIG,REID,creid2r@telegraph.co.uk,24
DEBORAH,RILEY,driley2s@cpanel.net,20
ANNIE,GREENE,agreene2t@scientificamerican.com,23
KATHY,MARSHALL,kmarshall2u@vistaprint.com,24
JOSEPH,ALLEN,jallen2v@europa.eu,28
WILLIAM,FORD,wford2w@etsy.com,21
SHIRLEY,PIERCE,spierce2x@va.gov,22
JIMMY,HOLMES,jholmes2y@umn.edu,25
RANDY,LYNCH,rlynch2z@youku.com,27
BONNIE,MYERS,bmyers30@yelp.com,27
JULIE,ALLEN,jallen31@blogger.com,28
GARY,STEPHENS,gstephens32@blinklist.com,25
JOSE,BRADLEY,jbradley33@jugem.jp,22
RONALD,CHAPMAN,rchapman34@icio.us,23
MICHAEL,BARNES,mbarnes35@wikipedia.org,29
JENNIFER,FIELDS,jfields36@stanford.edu,24
HENRY,DAY,hday37@squidoo.com,20
JEAN,BURNS,jburns38@g.co,21
STEPHEN,HAYES,shayes39@youtu.be,21
MELISSA,JONES,mjones3a@hostgator.com,28
SARAH,KIM,skim3b@networksolutions.com,27
KATHRYN,REED,kreed3c@netscape.com,24
JUAN,JOHNSTON,jjohnston3d@scientificamerican.com,29
ANDREW,ROGERS,arogers3e@ted.com,26
ERNEST,FORD,eford3f@microsoft.com,28
JUDITH,DANIELS,jdaniels3g@theatlantic.com,25
PHILIP,CLARK,pclark3h@google.co.uk,26
JERRY,ROGERS,jrogers3i@chronoengine.com,20
AMY,STONE,astone3j@wired.com,27
TIMOTHY,PERRY,tperry3k@usnews.com,21
JUDITH,ELLIS,jellis3l@purevolume.com,23
MARTHA,SCOTT,mscott3m@canalblog.com,27
ELIZABETH,JENKINS,ejenkins3n@mail.ru,20
STEVE,FULLER,sfuller3o@google.cn,25
MARILYN,CASTILLO,mcastillo3p@behance.net,21
KELLY,GRANT,kgrant3q@sakura.ne.jp,29
DIANA,WEAVER,dweaver3r@hatena.ne.jp,23
TINA,ROGERS,trogers3s@spotify.com,26
KIMBERLY,MARSHALL,kmarshall3t@flickr.com,29
JOAN,HARRIS,jharris3u@prweb.com,25
LORI,GONZALEZ,lgonzalez3v@dailymail.co.uk,25
TERESA,HAMILTON,thamilton3w@elegantthemes.com,22
CLARENCE,BENNETT,cbennett3x@posterous.com,21
CYNTHIA,GRAY,cgray3y@theguardian.com,21
JOHNNY,COOPER,jcooper3z@cisco.com,26
ANNIE,HALL,ahall40@hexun.com,28
JACK,MITCHELL,jmitchell41@businessweek.com,21
JENNIFER,SMITH,jsmith42@istockphoto.com,20
RONALD,REID,rreid43@live.com,23
ROBERT,WILLIS,rwillis44@mlb.com,23
HELEN,BOYD,hboyd45@ezinearticles.com,25
JULIE,WOOD,jwood46@mail.ru,23
STEVEN,BAKER,sbaker47@photobucket.com,30
MELISSA,HARRIS,mharris48@trellian.com,25
TAMMY,RIVERA,trivera49@eventbrite.com,25
ARTHUR,WATSON,awatson4a@odnoklassniki.ru,26
MICHAEL,ELLIS,mellis4b@msu.edu,28
BRENDA,SIMMONS,bsimmons4c@altervista.org,29
LARRY,FOX,lfox4d@ca.gov,24
PHYLLIS,ELLIS,pellis4e@histats.com,25
SCOTT,BROWN,sbrown4f@marketwatch.com,30
KEITH,HAYES,khayes4g@blogspot.com,27
CHRISTINA,FOWLER,cfowler4h@reddit.com,20
LINDA,ROBERTS,lroberts4i@cnbc.com,24
DAVID,WEST,dwest4j@wikimedia.org,27
ERNEST,SULLIVAN,esullivan4k@abc.net.au,21
DOROTHY,JENKINS,djenkins4l@deviantart.com,27
JASON,WEBB,jwebb4m@hibu.com,27
NICHOLAS,FREEMAN,nfreeman4n@google.ru,27
AMY,MORENO,amoreno4o@networkadvertising.org,30
RAYMOND,ROSE,rrose4p@wordpress.com,27
DOROTHY,LARSON,dlarson4q@seattletimes.com,23
ANNA,RAMIREZ,aramirez4r@spotify.com,24
ANTONIO,MURPHY,amurphy4s@apple.com,28
SEAN,ARNOLD,sarnold4t@liveinternet.ru,27
JANE,BOYD,jboyd4u@storify.com,26
MARGARET,HARRIS,mharris4v@etsy.com,26
RONALD,MORALES,rmorales4w@unesco.org,29
KENNETH,DIXON,kdixon4x@furl.net,21
TODD,HUNTER,thunter4y@tripadvisor.com,28
STEPHEN,SIMPSON,ssimpson4z@miibeian.gov.cn,21
BETTY,SANCHEZ,bsanchez50@yolasite.com,28
HOWARD,PETERSON,hpeterson51@artisteer.com,22
EDWARD,FLORES,eflores52@craigslist.org,24
LISA,POWELL,lpowell53@answers.com,25
ANDREA,RICHARDS,arichards54@plala.or.jp,21
STEVE,KELLEY,skelley55@angelfire.com,25
JEFFREY,HENDERSON,jhenderson56@oracle.com,21
JERRY,GONZALES,jgonzales57@bluehost.com,23
KEVIN,HILL,khill58@guardian.co.uk,20
STEPHEN,HAYES,shayes59@amazon.co.uk,20
LISA,RODRIGUEZ,lrodriguez5a@unesco.org,24
JOAN,FREEMAN,jfreeman5b@mashable.com,24
AMANDA,REYES,areyes5c@biblegateway.com,24
RUBY,ROBINSON,rrobinson5d@webmd.com,23
FRANK,BROOKS,fbrooks5e@hubpages.com,24
KEITH,ALVAREZ,kalvarez5f@elpais.com,20
ARTHUR,KING,aking5g@msn.com,22
GARY,STANLEY,gstanley5h@prnewswire.com,23
BRANDON,PORTER,bporter5i@fotki.com,28
WALTER,FERGUSON,wferguson5j@163.com,24
EUGENE,CARR,ecarr5k@drupal.org,22
JUSTIN,MARTINEZ,jmartinez5l@marriott.com,30
VIRGINIA,PARKER,vparker5m@msn.com,21
RACHEL,MONTGOMERY,rmontgomery5n@over-blog.com,24
NICHOLAS,COLEMAN,ncoleman5o@constantcontact.com,22
SEAN,GARDNER,sgardner5p@nsw.gov.au,26
SUSAN,STEPHENS,sstephens5q@sina.com.cn,26
FRANK,WARREN,fwarren5r@wp.com,24
MARGARET,HARPER,mharper5s@freewebs.com,26
LILLIAN,REED,lreed5t@nasa.gov,22
KELLY,DAVIS,kdavis5u@shop-pro.jp,20
STEVEN,MENDOZA,smendoza5v@wordpress.org,30
DANIEL,ANDREWS,dandrews5w@homestead.com,22
EUGENE,FLORES,eflores5x@abc.net.au,30
JERRY,LOPEZ,jlopez5y@studiopress.com,20
CHRISTINE,GORDON,cgordon5z@wikimedia.org,20
JANICE,COOPER,jcooper60@pinterest.com,24
NICOLE,ADAMS,nadams61@naver.com,23
JASON,GRAHAM,jgraham62@tamu.edu,20
PHILIP,ROSE,prose63@lulu.com,27
JONATHAN,BRYANT,jbryant64@msn.com,25
MARILYN,LITTLE,mlittle65@phpbb.com,21
NICOLE,GARRETT,ngarrett66@loc.gov,30
DIANE,GONZALES,dgonzales67@yahoo.co.jp,27
WILLIAM,DIXON,wdixon68@apple.com,26
HELEN,THOMPSON,hthompson69@japanpost.jp,24
IRENE,SANDERS,isanders6a@networkadvertising.org,23
JACQUELINE,BROOKS,jbrooks6b@weebly.com,22
TINA,BUTLER,tbutler6c@prweb.com,21
ERNEST,MILLER,emiller6d@sourceforge.net,26
RUSSELL,REYES,rreyes6e@shareasale.com,23
BONNIE,DIAZ,bdiaz6f@europa.eu,27
KATHY,BROOKS,kbrooks6g@fotki.com,20
PHYLLIS,ADAMS,padams6h@zdnet.com,24
HARRY,FLORES,hflores6i@timesonline.co.uk,20
ALICE,HUDSON,ahudson6j@sciencedaily.com,24
LOIS,BARNES,lbarnes6k@google.nl,21
JASON,WARD,jward6l@xinhuanet.com,25
JANICE,HANSON,jhanson6m@parallels.com,27
JUDITH,EDWARDS,jedwards6n@t.co,28
JENNIFER,TURNER,jturner6o@army.mil,28
DANIEL,HAMILTON,dhamilton6p@dagondesign.com,23
DENISE,ORTIZ,dortiz6q@fastcompany.com,25
KEVIN,REYNOLDS,kreynolds6r@forbes.com,27
JUDY,MONTGOMERY,jmontgomery6s@narod.ru,24
RANDY,WALKER,rwalker6t@angelfire.com,29
JEREMY,COLE,jcole6u@eventbrite.com,22
DORIS,SHAW,dshaw6v@twitpic.com,23
BRIAN,FULLER,bfuller6w@amazonaws.com,29
JOSE,WELLS,jwells6x@reddit.com,25
MARILYN,KNIGHT,mknight6y@cam.ac.uk,20
JASON,RAY,jray6z@seesaa.net,22
TERRY,WARREN,twarren70@nsw.gov.au,30
MARILYN,GORDON,mgordon71@disqus.com,28
JENNIFER,REED,jreed72@storify.com,27
ROSE,WHITE,rwhite73@nature.com,20
JOE,BAILEY,jbailey74@answers.com,24
STEVE,MEYER,smeyer75@yelp.com,29
ANNE,FREEMAN,afreeman76@cloudflare.com,23
EVELYN,EDWARDS,eedwards77@imdb.com,21
AMANDA,BLACK,ablack78@posterous.com,26
CLARENCE,PALMER,cpalmer79@google.cn,28
ROSE,GARZA,rgarza7a@alibaba.com,26
HAROLD,GRAY,hgray7b@thetimes.co.uk,22
BRIAN,WELCH,bwelch7c@engadget.com,24
ROBERT,FORD,rford7d@prweb.com,30
LAWRENCE,WILSON,lwilson7e@umn.edu,21
JEFFREY,MURRAY,jmurray7f@hibu.com,25
JEAN,HARRIS,jharris7g@oracle.com,30
DEBRA,FOSTER,dfoster7h@studiopress.com,22
GLORIA,RYAN,gryan7i@twitter.com,21
JIMMY,REYNOLDS,jreynolds7j@boston.com,20
KEVIN,BLACK,kblack7k@gmpg.org,29
TERRY,FOWLER,tfowler7l@sphinn.com,25
GERALD,JORDAN,gjordan7m@reuters.com,30
SHAWN,ALEXANDER,salexander7n@joomla.org,27
MICHAEL,CUNNINGHAM,mcunningham7o@statcounter.com,27
CAROLYN,FORD,cford7p@google.co.uk,27
ERIC,GUTIERREZ,egutierrez7q@smh.com.au,30
DIANA,HARPER,dharper7r@toplist.cz,26
DANIEL,KENNEDY,dkennedy7s@auda.org.au,27
JEREMY,FERNANDEZ,jfernandez7t@mlb.com,23
CHRIS,MURRAY,cmurray7u@scientificamerican.com,29
PATRICK,SCOTT,pscott7v@tamu.edu,26
SAMUEL,RICHARDS,srichards7w@flavors.me,25
ROY,GARZA,rgarza7x@goo.ne.jp,28
PATRICIA,WALLACE,pwallace7y@amazon.co.jp,29
JESSE,PIERCE,jpierce7z@amazon.co.uk,24
MARIE,WILLIS,mwillis80@abc.net.au,23
JOE,LYNCH,jlynch81@hibu.com,29
ASHLEY,SNYDER,asnyder82@illinois.edu,30
CRAIG,WRIGHT,cwright83@php.net,29
LOUIS,CASTILLO,lcastillo84@mail.ru,29
ARTHUR,YOUNG,ayoung85@boston.com,30
LINDA,GREENE,lgreene86@wp.com,24
ERNEST,WAGNER,ewagner87@nytimes.com,20
DAVID,RIVERA,drivera88@yellowpages.com,24
JOHN,CARPENTER,jcarpenter89@mediafire.com,22
ANNA,FOSTER,afoster8a@ucoz.ru,20
CARLOS,SULLIVAN,csullivan8b@sohu.com,27
PETER,SCHMIDT,pschmidt0@aboutads.info,28
CHRISTINA,HART,chart1@dropbox.com,29
JANET,WARREN,jwarren2@hc360.com,21
PAMELA,SMITH,psmith3@nps.gov,21
VICTOR,WATKINS,vwatkins4@newsvine.com,29
MILDRED,LARSON,mlarson5@exblog.jp,20
ERIC,THOMPSON,ethompson6@buzzfeed.com,28
PHYLLIS,VASQUEZ,pvasquez7@blogspot.com,28
ALAN,GUTIERREZ,agutierrez8@about.me,26
LOUIS,LOPEZ,llopez9@ning.com,22
ELIZABETH,MYERS,emyersa@bigcartel.com,29
EMILY,PHILLIPS,ephillipsb@1688.com,29
DOROTHY,HOLMES,dholmesc@redcross.org,24
SHIRLEY,CAMPBELL,scampbelld@paypal.com,21
PAMELA,WATSON,pwatsone@pen.io,25
HAROLD,MILLS,hmillsf@va.gov,28
JUAN,KING,jkingg@walmart.com,22
FRED,GORDON,fgordonh@chronoengine.com,27
DOUGLAS,HARRIS,dharrisi@yahoo.co.jp,23
RALPH,BENNETT,rbennettj@utexas.edu,24
STEPHEN,ROMERO,sromerok@nih.gov,20
DOROTHY,ELLIOTT,delliottl@yandex.ru,26
TERRY,RODRIGUEZ,trodriguezm@stanford.edu,23
LOUISE,WHEELER,lwheelern@amazon.de,27
STEVE,RAMOS,sramoso@barnesandnoble.com,21
KELLY,CARROLL,kcarrollp@oakley.com,22
KENNETH,HENDERSON,khendersonq@liveinternet.ru,26
BOBBY,SNYDER,bsnyderr@symantec.com,30
SANDRA,ANDREWS,sandrewss@cbc.ca,23
JULIA,BOWMAN,jbowmant@sogou.com,27
TIMOTHY,NELSON,tnelsonu@nydailynews.com,30
JUSTIN,BROWN,jbrownv@simplemachines.org,24
JOHNNY,MENDOZA,jmendozaw@mit.edu,29
BARBARA,DEAN,bdeanx@myspace.com,20
DIANA,ALLEN,dalleny@hubpages.com,25
EARL,JAMES,ejamesz@umich.edu,23
ROY,KING,rking10@hatena.ne.jp,25
EARL,HALL,ehall11@jiathis.com,21
PHILIP,CARTER,pcarter12@themeforest.net,30
ANDREA,FULLER,afuller13@about.me,26
GLORIA,BRADLEY,gbradley14@yellowbook.com,24
MATTHEW,FOX,mfox15@google.com.au,25
ANNIE,MITCHELL,amitchell16@si.edu,29
KENNETH,COOPER,kcooper17@studiopress.com,29
LORI,FOWLER,lfowler18@businessweek.com,20
GEORGE,GARDNER,ggardner19@liveinternet.ru,25
SARA,FOWLER,sfowler1a@mac.com,27
FRED,HOWARD,fhoward1b@youtu.be,30
ALAN,HART,ahart1c@1und1.de,24
ALBERT,ROBERTSON,arobertson1d@japanpost.jp,20
PATRICK,HAYES,phayes1e@acquirethisname.com,28
TAMMY,ALLEN,tallen1f@blog.com,25
RONALD,BERRY,rberry1g@rakuten.co.jp,20
PHILIP,SIMPSON,psimpson1h@privacy.gov.au,23
LOUIS,HARRISON,lharrison1i@nymag.com,21
BONNIE,WELLS,bwells1j@geocities.com,27
MARK,REED,mreed1k@arstechnica.com,20
CARLOS,MCDONALD,cmcdonald1l@cbc.ca,25
AMY,FOWLER,afowler1m@comsenz.com,22
STEPHANIE,ANDREWS,sandrews1n@icio.us,26
KATHY,SHAW,kshaw1o@nytimes.com,23
WILLIAM,HARVEY,wharvey1p@xrea.com,23
AMY,ARNOLD,aarnold1q@ftc.gov,24
ANNE,BARNES,abarnes1r@prnewswire.com,24
LILLIAN,COOK,lcook1s@devhub.com,21
CHERYL,GONZALES,cgonzales1t@kickstarter.com,22
MARIA,ADAMS,madams1u@telegraph.co.uk,21
CHRISTINE,SIMPSON,csimpson1v@netscape.com,29
BRIAN,PARKER,bparker1w@360.cn,23
ANNIE,DAY,aday1x@joomla.org,26
BRANDON,BAILEY,bbailey1y@berkeley.edu,28
ROBERT,GRAHAM,rgraham1z@homestead.com,29
JAMES,HUNT,jhunt20@privacy.gov.au,24
STEPHEN,FRAZIER,sfrazier21@feedburner.com,25
MARIE,BURTON,mburton22@timesonline.co.uk,24
KIMBERLY,COOK,kcook23@foxnews.com,26
GLORIA,MONTGOMERY,gmontgomery24@comcast.net,26
LISA,LANE,llane25@cpanel.net,24
SHARON,WILLIS,swillis26@si.edu,28
JULIE,BANKS,jbanks27@comcast.net,22
LOUIS,FOWLER,lfowler28@exblog.jp,29
LAWRENCE,WEAVER,lweaver29@gizmodo.com,27
RICHARD,TURNER,rturner2a@uol.com.br,25
BETTY,NELSON,bnelson2b@redcross.org,25
RUSSELL,WILSON,rwilson2c@walmart.com,28
PHILIP,BRADLEY,pbradley2d@elegantthemes.com,28
NANCY,BRADLEY,nbradley2e@studiopress.com,21
TERRY,WOODS,twoods2f@phoca.cz,21
DENNIS,PEREZ,dperez2g@dell.com,24
LAWRENCE,LARSON,llarson2h@hatena.ne.jp,28
JEREMY,NICHOLS,jnichols2i@eventbrite.com,25
BRIAN,HART,bhart2j@woothemes.com,20
JOSE,SPENCER,jspencer2k@newyorker.com,20
TODD,DEAN,tdean2l@sitemeter.com,23
HEATHER,HARPER,hharper2m@walmart.com,27
THERESA,MEDINA,tmedina2n@bing.com,22
ALAN,ADAMS,aadams2o@businessinsider.com,22
JERRY,BROOKS,jbrooks2p@usa.gov,23
BRUCE,DAY,bday2q@ca.gov,27
CRAIG,REID,creid2r@telegraph.co.uk,24
DEBORAH,RILEY,driley2s@cpanel.net,20
ANNIE,GREENE,agreene2t@scientificamerican.com,23
KATHY,MARSHALL,kmarshall2u@vistaprint.com,24
JOSEPH,ALLEN,jallen2v@europa.eu,28
WILLIAM,FORD,wford2w@etsy.com,21
SHIRLEY,PIERCE,spierce2x@va.gov,22
JIMMY,HOLMES,jholmes2y@umn.edu,25
RANDY,LYNCH,rlynch2z@youku.com,27
BONNIE,MYERS,bmyers30@yelp.com,27
JULIE,ALLEN,jallen31@blogger.com,28
GARY,STEPHENS,gstephens32@blinklist.com,25
JOSE,BRADLEY,jbradley33@jugem.jp,22
RONALD,CHAPMAN,rchapman34@icio.us,23
MICHAEL,BARNES,mbarnes35@wikipedia.org,29
JENNIFER,FIELDS,jfields36@stanford.edu,24
HENRY,DAY,hday37@squidoo.com,20
JEAN,BURNS,jburns38@g.co,21
STEPHEN,HAYES,shayes39@youtu.be,21
MELISSA,JONES,mjones3a@hostgator.com,28
SARAH,KIM,skim3b@networksolutions.com,27
KATHRYN,REED,kreed3c@netscape.com,24
JUAN,JOHNSTON,jjohnston3d@scientificamerican.com,29
ANDREW,ROGERS,arogers3e@ted.com,26
ERNEST,FORD,eford3f@microsoft.com,28
JUDITH,DANIELS,jdaniels3g@theatlantic.com,25
PHILIP,CLARK,pclark3h@google.co.uk,26
JERRY,ROGERS,jrogers3i@chronoengine.com,20
AMY,STONE,astone3j@wired.com,27
TIMOTHY,PERRY,tperry3k@usnews.com,21
JUDITH,ELLIS,jellis3l@purevolume.com,23
MARTHA,SCOTT,mscott3m@canalblog.com,27
ELIZABETH,JENKINS,ejenkins3n@mail.ru,20
STEVE,FULLER,sfuller3o@google.cn,25
MARILYN,CASTILLO,mcastillo3p@behance.net,21
KELLY,GRANT,kgrant3q@sakura.ne.jp,29
DIANA,WEAVER,dweaver3r@hatena.ne.jp,23
TINA,ROGERS,trogers3s@spotify.com,26
KIMBERLY,MARSHALL,kmarshall3t@flickr.com,29
JOAN,HARRIS,jharris3u@prweb.com,25
LORI,GONZALEZ,lgonzalez3v@dailymail.co.uk,25
TERESA,HAMILTON,thamilton3w@elegantthemes.com,22
CLARENCE,BENNETT,cbennett3x@posterous.com,21
CYNTHIA,GRAY,cgray3y@theguardian.com,21
JOHNNY,COOPER,jcooper3z@cisco.com,26
ANNIE,HALL,ahall40@hexun.com,28
JACK,MITCHELL,jmitchell41@businessweek.com,21
JENNIFER,SMITH,jsmith42@istockphoto.com,20
RONALD,REID,rreid43@live.com,23
ROBERT,WILLIS,rwillis44@mlb.com,23
HELEN,BOYD,hboyd45@ezinearticles.com,25
JULIE,WOOD,jwood46@mail.ru,23
STEVEN,BAKER,sbaker47@photobucket.com,30
MELISSA,HARRIS,mharris48@trellian.com,25
TAMMY,RIVERA,trivera49@eventbrite.com,25
ARTHUR,WATSON,awatson4a@odnoklassniki.ru,26
MICHAEL,ELLIS,mellis4b@msu.edu,28
BRENDA,SIMMONS,bsimmons4c@altervista.org,29
LARRY,FOX,lfox4d@ca.gov,24
PHYLLIS,ELLIS,pellis4e@histats.com,25
SCOTT,BROWN,sbrown4f@marketwatch.com,30
KEITH,HAYES,khayes4g@blogspot.com,27
CHRISTINA,FOWLER,cfowler4h@reddit.com,20
LINDA,ROBERTS,lroberts4i@cnbc.com,24
DAVID,WEST,dwest4j@wikimedia.org,27
ERNEST,SULLIVAN,esullivan4k@abc.net.au,21
DOROTHY,JENKINS,djenkins4l@deviantart.com,27
JASON,WEBB,jwebb4m@hibu.com,27
NICHOLAS,FREEMAN,nfreeman4n@google.ru,27
AMY,MORENO,amoreno4o@networkadvertising.org,30
RAYMOND,ROSE,rrose4p@wordpress.com,27
DOROTHY,LARSON,dlarson4q@seattletimes.com,23
ANNA,RAMIREZ,aramirez4r@spotify.com,24
ANTONIO,MURPHY,amurphy4s@apple.com,28
SEAN,ARNOLD,sarnold4t@liveinternet.ru,27
JANE,BOYD,jboyd4u@storify.com,26
MARGARET,HARRIS,mharris4v@etsy.com,26
RONALD,MORALES,rmorales4w@unesco.org,29
KENNETH,DIXON,kdixon4x@furl.net,21
TODD,HUNTER,thunter4y@tripadvisor.com,28
STEPHEN,SIMPSON,ssimpson4z@miibeian.gov.cn,21
BETTY,SANCHEZ,bsanchez50@yolasite.com,28
HOWARD,PETERSON,hpeterson51@artisteer.com,22
EDWARD,FLORES,eflores52@craigslist.org,24
LISA,POWELL,lpowell53@answers.com,25
ANDREA,RICHARDS,arichards54@plala.or.jp,21
STEVE,KELLEY,skelley55@angelfire.com,25
JEFFREY,HENDERSON,jhenderson56@oracle.com,21
JERRY,GONZALES,jgonzales57@bluehost.com,23
KEVIN,HILL,khill58@guardian.co.uk,20
STEPHEN,HAYES,shayes59@amazon.co.uk,20
LISA,RODRIGUEZ,lrodriguez5a@unesco.org,24
JOAN,FREEMAN,jfreeman5b@mashable.com,24
AMANDA,REYES,areyes5c@biblegateway.com,24
RUBY,ROBINSON,rrobinson5d@webmd.com,23
FRANK,BROOKS,fbrooks5e@hubpages.com,24
KEITH,ALVAREZ,kalvarez5f@elpais.com,20
ARTHUR,KING,aking5g@msn.com,22
GARY,STANLEY,gstanley5h@prnewswire.com,23
BRANDON,PORTER,bporter5i@fotki.com,28
WALTER,FERGUSON,wferguson5j@163.com,24
EUGENE,CARR,ecarr5k@drupal.org,22
JUSTIN,MARTINEZ,jmartinez5l@marriott.com,30
VIRGINIA,PARKER,vparker5m@msn.com,21
RACHEL,MONTGOMERY,rmontgomery5n@over-blog.com,24
NICHOLAS,COLEMAN,ncoleman5o@constantcontact.com,22
SEAN,GARDNER,sgardner5p@nsw.gov.au,26
SUSAN,STEPHENS,sstephens5q@sina.com.cn,26
FRANK,WARREN,fwarren5r@wp.com,24
MARGARET,HARPER,mharper5s@freewebs.com,26
LILLIAN,REED,lreed5t@nasa.gov,22
KELLY,DAVIS,kdavis5u@shop-pro.jp,20
STEVEN,MENDOZA,smendoza5v@wordpress.org,30
DANIEL,ANDREWS,dandrews5w@homestead.com,22
EUGENE,FLORES,eflores5x@abc.net.au,30
JERRY,LOPEZ,jlopez5y@studiopress.com,20
CHRISTINE,GORDON,cgordon5z@wikimedia.org,20
JANICE,COOPER,jcooper60@pinterest.com,24
NICOLE,ADAMS,nadams61@naver.com,23
JASON,GRAHAM,jgraham62@tamu.edu,20
PHILIP,ROSE,prose63@lulu.com,27
JONATHAN,BRYANT,jbryant64@msn.com,25
MARILYN,LITTLE,mlittle65@phpbb.com,21
NICOLE,GARRETT,ngarrett66@loc.gov,30
DIANE,GONZALES,dgonzales67@yahoo.co.jp,27
WILLIAM,DIXON,wdixon68@apple.com,26
HELEN,THOMPSON,hthompson69@japanpost.jp,24
IRENE,SANDERS,isanders6a@networkadvertising.org,23
JACQUELINE,BROOKS,jbrooks6b@weebly.com,22
TINA,BUTLER,tbutler6c@prweb.com,21
ERNEST,MILLER,emiller6d@sourceforge.net,26
RUSSELL,REYES,rreyes6e@shareasale.com,23
BONNIE,DIAZ,bdiaz6f@europa.eu,27
KATHY,BROOKS,kbrooks6g@fotki.com,20
PHYLLIS,ADAMS,padams6h@zdnet.com,24
HARRY,FLORES,hflores6i@timesonline.co.uk,20
ALICE,HUDSON,ahudson6j@sciencedaily.com,24
LOIS,BARNES,lbarnes6k@google.nl,21
JASON,WARD,jward6l@xinhuanet.com,25
JANICE,HANSON,jhanson6m@parallels.com,27
JUDITH,EDWARDS,jedwards6n@t.co,28
JENNIFER,TURNER,jturner6o@army.mil,28
DANIEL,HAMILTON,dhamilton6p@dagondesign.com,23
DENISE,ORTIZ,dortiz6q@fastcompany.com,25
KEVIN,REYNOLDS,kreynolds6r@forbes.com,27
JUDY,MONTGOMERY,jmontgomery6s@narod.ru,24
RANDY,WALKER,rwalker6t@angelfire.com,29
JEREMY,COLE,jcole6u@eventbrite.com,22
DORIS,SHAW,dshaw6v@twitpic.com,23
BRIAN,FULLER,bfuller6w@amazonaws.com,29
JOSE,WELLS,jwells6x@reddit.com,25
MARILYN,KNIGHT,mknight6y@cam.ac.uk,20
JASON,RAY,jray6z@seesaa.net,22
TERRY,WARREN,twarren70@nsw.gov.au,30
MARILYN,GORDON,mgordon71@disqus.com,28
JENNIFER,REED,jreed72@storify.com,27
ROSE,WHITE,rwhite73@nature.com,20
JOE,BAILEY,jbailey74@answers.com,24
STEVE,MEYER,smeyer75@yelp.com,29
ANNE,FREEMAN,afreeman76@cloudflare.com,23
EVELYN,EDWARDS,eedwards77@imdb.com,21
AMANDA,BLACK,ablack78@posterous.com,26
CLARENCE,PALMER,cpalmer79@google.cn,28
ROSE,GARZA,rgarza7a@alibaba.com,26
HAROLD,GRAY,hgray7b@thetimes.co.uk,22
BRIAN,WELCH,bwelch7c@engadget.com,24
ROBERT,FORD,rford7d@prweb.com,30
LAWRENCE,WILSON,lwilson7e@umn.edu,21
JEFFREY,MURRAY,jmurray7f@hibu.com,25
JEAN,HARRIS,jharris7g@oracle.com,30
DEBRA,FOSTER,dfoster7h@studiopress.com,22
GLORIA,RYAN,gryan7i@twitter.com,21
JIMMY,REYNOLDS,jreynolds7j@boston.com,20
KEVIN,BLACK,kblack7k@gmpg.org,29
TERRY,FOWLER,tfowler7l@sphinn.com,25
GERALD,JORDAN,gjordan7m@reuters.com,30
SHAWN,ALEXANDER,salexander7n@joomla.org,27
MICHAEL,CUNNINGHAM,mcunningham7o@statcounter.com,27
CAROLYN,FORD,cford7p@google.co.uk,27
ERIC,GUTIERREZ,egutierrez7q@smh.com.au,30
DIANA,HARPER,dharper7r@toplist.cz,26
DANIEL,KENNEDY,dkennedy7s@auda.org.au,27
JEREMY,FERNANDEZ,jfernandez7t@mlb.com,23
CHRIS,MURRAY,cmurray7u@scientificamerican.com,29
PATRICK,SCOTT,pscott7v@tamu.edu,26
SAMUEL,RICHARDS,srichards7w@flavors.me,25
ROY,GARZA,rgarza7x@goo.ne.jp,28
PATRICIA,WALLACE,pwallace7y@amazon.co.jp,29
JESSE,PIERCE,jpierce7z@amazon.co.uk,24
MARIE,WILLIS,mwillis80@abc.net.au,23
JOE,LYNCH,jlynch81@hibu.com,29
ASHLEY,SNYDER,asnyder82@illinois.edu,30
CRAIG,WRIGHT,cwright83@php.net,29
LOUIS,CASTILLO,lcastillo84@mail.ru,29
ARTHUR,YOUNG,ayoung85@boston.com,30
LINDA,GREENE,lgreene86@wp.com,24
ERNEST,WAGNER,ewagner87@nytimes.com,20
DAVID,RIVERA,drivera88@yellowpages.com,24
JOHN,CARPENTER,jcarpenter89@mediafire.com,22
ANNA,FOSTER,afoster8a@ucoz.ru,20
CARLOS,SULLIVAN,csullivan8b@sohu.com,27
PETER,SCHMIDT,pschmidt0@aboutads.info,28
CHRISTINA,HART,chart1@dropbox.com,29
JANET,WARREN,jwarren2@hc360.com,21
PAMELA,SMITH,psmith3@nps.gov,21
VICTOR,WATKINS,vwatkins4@newsvine.com,29
MILDRED,LARSON,mlarson5@exblog.jp,20
ERIC,THOMPSON,ethompson6@buzzfeed.com,28
PHYLLIS,VASQUEZ,pvasquez7@blogspot.com,28
ALAN,GUTIERREZ,agutierrez8@about.me,26
LOUIS,LOPEZ,llopez9@ning.com,22
ELIZABETH,MYERS,emyersa@bigcartel.com,29
EMILY,PHILLIPS,ephillipsb@1688.com,29
DOROTHY,HOLMES,dholmesc@redcross.org,24
SHIRLEY,CAMPBELL,scampbelld@paypal.com,21
PAMELA,WATSON,pwatsone@pen.io,25
HAROLD,MILLS,hmillsf@va.gov,28
JUAN,KING,jkingg@walmart.com,22
FRED,GORDON,fgordonh@chronoengine.com,27
DOUGLAS,HARRIS,dharrisi@yahoo.co.jp,23
RALPH,BENNETT,rbennettj@utexas.edu,24
STEPHEN,ROMERO,sromerok@nih.gov,20
DOROTHY,ELLIOTT,delliottl@yandex.ru,26
TERRY,RODRIGUEZ,trodriguezm@stanford.edu,23
LOUISE,WHEELER,lwheelern@amazon.de,27
STEVE,RAMOS,sramoso@barnesandnoble.com,21
KELLY,CARROLL,kcarrollp@oakley.com,22
KENNETH,HENDERSON,khendersonq@liveinternet.ru,26
BOBBY,SNYDER,bsnyderr@symantec.com,30
SANDRA,ANDREWS,sandrewss@cbc.ca,23
JULIA,BOWMAN,jbowmant@sogou.com,27
TIMOTHY,NELSON,tnelsonu@nydailynews.com,30
JUSTIN,BROWN,jbrownv@simplemachines.org,24
JOHNNY,MENDOZA,jmendozaw@mit.edu,29
BARBARA,DEAN,bdeanx@myspace.com,20
DIANA,ALLEN,dalleny@hubpages.com,25
EARL,JAMES,ejamesz@umich.edu,23
ROY,KING,rking10@hatena.ne.jp,25
EARL,HALL,ehall11@jiathis.com,21
PHILIP,CARTER,pcarter12@themeforest.net,30
ANDREA,FULLER,afuller13@about.me,26
GLORIA,BRADLEY,gbradley14@yellowbook.com,24
MATTHEW,FOX,mfox15@google.com.au,25
ANNIE,MITCHELL,amitchell16@si.edu,29
KENNETH,COOPER,kcooper17@studiopress.com,29
LORI,FOWLER,lfowler18@businessweek.com,20
GEORGE,GARDNER,ggardner19@liveinternet.ru,25
SARA,FOWLER,sfowler1a@mac.com,27
FRED,HOWARD,fhoward1b@youtu.be,30
ALAN,HART,ahart1c@1und1.de,24
ALBERT,ROBERTSON,arobertson1d@japanpost.jp,20
PATRICK,HAYES,phayes1e@acquirethisname.com,28
TAMMY,ALLEN,tallen1f@blog.com,25
RONALD,BERRY,rberry1g@rakuten.co.jp,20
PHILIP,SIMPSON,psimpson1h@privacy.gov.au,23
LOUIS,HARRISON,lharrison1i@nymag.com,21
BONNIE,WELLS,bwells1j@geocities.com,27
MARK,REED,mreed1k@arstechnica.com,20
CARLOS,MCDONALD,cmcdonald1l@cbc.ca,25
AMY,FOWLER,afowler1m@comsenz.com,22
STEPHANIE,ANDREWS,sandrews1n@icio.us,26
KATHY,SHAW,kshaw1o@nytimes.com,23
WILLIAM,HARVEY,wharvey1p@xrea.com,23
AMY,ARNOLD,aarnold1q@ftc.gov,24
ANNE,BARNES,abarnes1r@prnewswire.com,24
LILLIAN,COOK,lcook1s@devhub.com,21
CHERYL,GONZALES,cgonzales1t@kickstarter.com,22
MARIA,ADAMS,madams1u@telegraph.co.uk,21
CHRISTINE,SIMPSON,csimpson1v@netscape.com,29
BRIAN,PARKER,bparker1w@360.cn,23
ANNIE,DAY,aday1x@joomla.org,26
BRANDON,BAILEY,bbailey1y@berkeley.edu,28
ROBERT,GRAHAM,rgraham1z@homestead.com,29
JAMES,HUNT,jhunt20@privacy.gov.au,24
STEPHEN,FRAZIER,sfrazier21@feedburner.com,25
MARIE,BURTON,mburton22@timesonline.co.uk,24
KIMBERLY,COOK,kcook23@foxnews.com,26
GLORIA,MONTGOMERY,gmontgomery24@comcast.net,26
LISA,LANE,llane25@cpanel.net,24
SHARON,WILLIS,swillis26@si.edu,28
JULIE,BANKS,jbanks27@comcast.net,22
LOUIS,FOWLER,lfowler28@exblog.jp,29
LAWRENCE,WEAVER,lweaver29@gizmodo.com,27
RICHARD,TURNER,rturner2a@uol.com.br,25
BETTY,NELSON,bnelson2b@redcross.org,25
RUSSELL,WILSON,rwilson2c@walmart.com,28
PHILIP,BRADLEY,pbradley2d@elegantthemes.com,28
NANCY,BRADLEY,nbradley2e@studiopress.com,21
TERRY,WOODS,twoods2f@phoca.cz,21
DENNIS,PEREZ,dperez2g@dell.com,24
LAWRENCE,LARSON,llarson2h@hatena.ne.jp,28
JEREMY,NICHOLS,jnichols2i@eventbrite.com,25
BRIAN,HART,bhart2j@woothemes.com,20
JOSE,SPENCER,jspencer2k@newyorker.com,20
TODD,DEAN,tdean2l@sitemeter.com,23
HEATHER,HARPER,hharper2m@walmart.com,27
THERESA,MEDINA,tmedina2n@bing.com,22
ALAN,ADAMS,aadams2o@businessinsider.com,22
JERRY,BROOKS,jbrooks2p@usa.gov,23
BRUCE,DAY,bday2q@ca.gov,27
CRAIG,REID,creid2r@telegraph.co.uk,24
DEBORAH,RILEY,driley2s@cpanel.net,20
ANNIE,GREENE,agreene2t@scientificamerican.com,23
KATHY,MARSHALL,kmarshall2u@vistaprint.com,24
JOSEPH,ALLEN,jallen2v@europa.eu,28
WILLIAM,FORD,wford2w@etsy.com,21
SHIRLEY,PIERCE,spierce2x@va.gov,22
JIMMY,HOLMES,jholmes2y@umn.edu,25
RANDY,LYNCH,rlynch2z@youku.com,27
BONNIE,MYERS,bmyers30@yelp.com,27
JULIE,ALLEN,jallen31@blogger.com,28
GARY,STEPHENS,gstephens32@blinklist.com,25
JOSE,BRADLEY,jbradley33@jugem.jp,22
RONALD,CHAPMAN,rchapman34@icio.us,23
MICHAEL,BARNES,mbarnes35@wikipedia.org,29
JENNIFER,FIELDS,jfields36@stanford.edu,24
HENRY,DAY,hday37@squidoo.com,20
JEAN,BURNS,jburns38@g.co,21
STEPHEN,HAYES,shayes39@youtu.be,21
MELISSA,JONES,mjones3a@hostgator.com,28
SARAH,KIM,skim3b@networksolutions.com,27
KATHRYN,REED,kreed3c@netscape.com,24
JUAN,JOHNSTON,jjohnston3d@scientificamerican.com,29
ANDREW,ROGERS,arogers3e@ted.com,26
ERNEST,FORD,eford3f@microsoft.com,28
JUDITH,DANIELS,jdaniels3g@theatlantic.com,25
PHILIP,CLARK,pclark3h@google.co.uk,26
JERRY,ROGERS,jrogers3i@chronoengine.com,20
AMY,STONE,astone3j@wired.com,27
TIMOTHY,PERRY,tperry3k@usnews.com,21
JUDITH,ELLIS,jellis3l@purevolume.com,23
MARTHA,SCOTT,mscott3m@canalblog.com,27
ELIZABETH,JENKINS,ejenkins3n@mail.ru,20
STEVE,FULLER,sfuller3o@google.cn,25
MARILYN,CASTILLO,mcastillo3p@behance.net,21
KELLY,GRANT,kgrant3q@sakura.ne.jp,29
DIANA,WEAVER,dweaver3r@hatena.ne.jp,23
TINA,ROGERS,trogers3s@spotify.com,26
KIMBERLY,MARSHALL,kmarshall3t@flickr.com,29
JOAN,HARRIS,jharris3u@prweb.com,25
LORI,GONZALEZ,lgonzalez3v@dailymail.co.uk,25
TERESA,HAMILTON,thamilton3w@elegantthemes.com,22
CLARENCE,BENNETT,cbennett3x@posterous.com,21
CYNTHIA,GRAY,cgray3y@theguardian.com,21
JOHNNY,COOPER,jcooper3z@cisco.com,26
ANNIE,HALL,ahall40@hexun.com,28
JACK,MITCHELL,jmitchell41@businessweek.com,21
JENNIFER,SMITH,jsmith42@istockphoto.com,20
RONALD,REID,rreid43@live.com,23
ROBERT,WILLIS,rwillis44@mlb.com,23
HELEN,BOYD,hboyd45@ezinearticles.com,25
JULIE,WOOD,jwood46@mail.ru,23
STEVEN,BAKER,sbaker47@photobucket.com,30
MELISSA,HARRIS,mharris48@trellian.com,25
TAMMY,RIVERA,trivera49@eventbrite.com,25
ARTHUR,WATSON,awatson4a@odnoklassniki.ru,26
MICHAEL,ELLIS,mellis4b@msu.edu,28
BRENDA,SIMMONS,bsimmons4c@altervista.org,29
LARRY,FOX,lfox4d@ca.gov,24
PHYLLIS,ELLIS,pellis4e@histats.com,25
SCOTT,BROWN,sbrown4f@marketwatch.com,30
KEITH,HAYES,khayes4g@blogspot.com,27
CHRISTINA,FOWLER,cfowler4h@reddit.com,20
LINDA,ROBERTS,lroberts4i@cnbc.com,24
DAVID,WEST,dwest4j@wikimedia.org,27
ERNEST,SULLIVAN,esullivan4k@abc.net.au,21
DOROTHY,JENKINS,djenkins4l@deviantart.com,27
JASON,WEBB,jwebb4m@hibu.com,27
NICHOLAS,FREEMAN,nfreeman4n@google.ru,27
AMY,MORENO,amoreno4o@networkadvertising.org,30
RAYMOND,ROSE,rrose4p@wordpress.com,27
DOROTHY,LARSON,dlarson4q@seattletimes.com,23
ANNA,RAMIREZ,aramirez4r@spotify.com,24
ANTONIO,MURPHY,amurphy4s@apple.com,28
SEAN,ARNOLD,sarnold4t@liveinternet.ru,27
JANE,BOYD,jboyd4u@storify.com,26
MARGARET,HARRIS,mharris4v@etsy.com,26
RONALD,MORALES,rmorales4w@unesco.org,29
KENNETH,DIXON,kdixon4x@furl.net,21
TODD,HUNTER,thunter4y@tripadvisor.com,28
STEPHEN,SIMPSON,ssimpson4z@miibeian.gov.cn,21
BETTY,SANCHEZ,bsanchez50@yolasite.com,28
HOWARD,PETERSON,hpeterson51@artisteer.com,22
EDWARD,FLORES,eflores52@craigslist.org,24
LISA,POWELL,lpowell53@answers.com,25
ANDREA,RICHARDS,arichards54@plala.or.jp,21
STEVE,KELLEY,skelley55@angelfire.com,25
JEFFREY,HENDERSON,jhenderson56@oracle.com,21
JERRY,GONZALES,jgonzales57@bluehost.com,23
KEVIN,HILL,khill58@guardian.co.uk,20
STEPHEN,HAYES,shayes59@amazon.co.uk,20
LISA,RODRIGUEZ,lrodriguez5a@unesco.org,24
JOAN,FREEMAN,jfreeman5b@mashable.com,24
AMANDA,REYES,areyes5c@biblegateway.com,24
RUBY,ROBINSON,rrobinson5d@webmd.com,23
FRANK,BROOKS,fbrooks5e@hubpages.com,24
KEITH,ALVAREZ,kalvarez5f@elpais.com,20
ARTHUR,KING,aking5g@msn.com,22
GARY,STANLEY,gstanley5h@prnewswire.com,23
BRANDON,PORTER,bporter5i@fotki.com,28
WALTER,FERGUSON,wferguson5j@163.com,24
EUGENE,CARR,ecarr5k@drupal.org,22
JUSTIN,MARTINEZ,jmartinez5l@marriott.com,30
VIRGINIA,PARKER,vparker5m@msn.com,21
RACHEL,MONTGOMERY,rmontgomery5n@over-blog.com,24
NICHOLAS,COLEMAN,ncoleman5o@constantcontact.com,22
SEAN,GARDNER,sgardner5p@nsw.gov.au,26
SUSAN,STEPHENS,sstephens5q@sina.com.cn,26
FRANK,WARREN,fwarren5r@wp.com,24
MARGARET,HARPER,mharper5s@freewebs.com,26
LILLIAN,REED,lreed5t@nasa.gov,22
KELLY,DAVIS,kdavis5u@shop-pro.jp,20
STEVEN,MENDOZA,smendoza5v@wordpress.org,30
DANIEL,ANDREWS,dandrews5w@homestead.com,22
EUGENE,FLORES,eflores5x@abc.net.au,30
JERRY,LOPEZ,jlopez5y@studiopress.com,20
CHRISTINE,GORDON,cgordon5z@wikimedia.org,20
JANICE,COOPER,jcooper60@pinterest.com,24
NICOLE,ADAMS,nadams61@naver.com,23
JASON,GRAHAM,jgraham62@tamu.edu,20
PHILIP,ROSE,prose63@lulu.com,27
JONATHAN,BRYANT,jbryant64@msn.com,25
MARILYN,LITTLE,mlittle65@phpbb.com,21
NICOLE,GARRETT,ngarrett66@loc.gov,30
DIANE,GONZALES,dgonzales67@yahoo.co.jp,27
WILLIAM,DIXON,wdixon68@apple.com,26
HELEN,THOMPSON,hthompson69@japanpost.jp,24
IRENE,SANDERS,isanders6a@networkadvertising.org,23
JACQUELINE,BROOKS,jbrooks6b@weebly.com,22
TINA,BUTLER,tbutler6c@prweb.com,21
ERNEST,MILLER,emiller6d@sourceforge.net,26
RUSSELL,REYES,rreyes6e@shareasale.com,23
BONNIE,DIAZ,bdiaz6f@europa.eu,27
KATHY,BROOKS,kbrooks6g@fotki.com,20
PHYLLIS,ADAMS,padams6h@zdnet.com,24
HARRY,FLORES,hflores6i@timesonline.co.uk,20
ALICE,HUDSON,ahudson6j@sciencedaily.com,24
LOIS,BARNES,lbarnes6k@google.nl,21
JASON,WARD,jward6l@xinhuanet.com,25
JANICE,HANSON,jhanson6m@parallels.com,27
JUDITH,EDWARDS,jedwards6n@t.co,28
JENNIFER,TURNER,jturner6o@army.mil,28
DANIEL,HAMILTON,dhamilton6p@dagondesign.com,23
DENISE,ORTIZ,dortiz6q@fastcompany.com,25
KEVIN,REYNOLDS,kreynolds6r@forbes.com,27
JUDY,MONTGOMERY,jmontgomery6s@narod.ru,24
RANDY,WALKER,rwalker6t@angelfire.com,29
JEREMY,COLE,jcole6u@eventbrite.com,22
DORIS,SHAW,dshaw6v@twitpic.com,23
BRIAN,FULLER,bfuller6w@amazonaws.com,29
JOSE,WELLS,jwells6x@reddit.com,25
MARILYN,KNIGHT,mknight6y@cam.ac.uk,20
JASON,RAY,jray6z@seesaa.net,22
TERRY,WARREN,twarren70@nsw.gov.au,30
MARILYN,GORDON,mgordon71@disqus.com,28
JENNIFER,REED,jreed72@storify.com,27
ROSE,WHITE,rwhite73@nature.com,20
JOE,BAILEY,jbailey74@answers.com,24
STEVE,MEYER,smeyer75@yelp.com,29
ANNE,FREEMAN,afreeman76@cloudflare.com,23
EVELYN,EDWARDS,eedwards77@imdb.com,21
AMANDA,BLACK,ablack78@posterous.com,26
CLARENCE,PALMER,cpalmer79@google.cn,28
ROSE,GARZA,rgarza7a@alibaba.com,26
HAROLD,GRAY,hgray7b@thetimes.co.uk,22
BRIAN,WELCH,bwelch7c@engadget.com,24
ROBERT,FORD,rford7d@prweb.com,30
LAWRENCE,WILSON,lwilson7e@umn.edu,21
JEFFREY,MURRAY,jmurray7f@hibu.com,25
JEAN,HARRIS,jharris7g@oracle.com,30
DEBRA,FOSTER,dfoster7h@studiopress.com,22
GLORIA,RYAN,gryan7i@twitter.com,21
JIMMY,REYNOLDS,jreynolds7j@boston.com,20
KEVIN,BLACK,kblack7k@gmpg.org,29
TERRY,FOWLER,tfowler7l@sphinn.com,25
GERALD,JORDAN,gjordan7m@reuters.com,30
SHAWN,ALEXANDER,salexander7n@joomla.org,27
MICHAEL,CUNNINGHAM,mcunningham7o@statcounter.com,27
CAROLYN,FORD,cford7p@google.co.uk,27
ERIC,GUTIERREZ,egutierrez7q@smh.com.au,30
DIANA,HARPER,dharper7r@toplist.cz,26
DANIEL,KENNEDY,dkennedy7s@auda.org.au,27
JEREMY,FERNANDEZ,jfernandez7t@mlb.com,23
CHRIS,MURRAY,cmurray7u@scientificamerican.com,29
PATRICK,SCOTT,pscott7v@tamu.edu,26
SAMUEL,RICHARDS,srichards7w@flavors.me,25
ROY,GARZA,rgarza7x@goo.ne.jp,28
PATRICIA,WALLACE,pwallace7y@amazon.co.jp,29
JESSE,PIERCE,jpierce7z@amazon.co.uk,24
MARIE,WILLIS,mwillis80@abc.net.au,23
JOE,LYNCH,jlynch81@hibu.com,29
ASHLEY,SNYDER,asnyder82@illinois.edu,30
CRAIG,WRIGHT,cwright83@php.net,29
LOUIS,CASTILLO,lcastillo84@mail.ru,29
ARTHUR,YOUNG,ayoung85@boston.com,30
LINDA,GREENE,lgreene86@wp.com,24
ERNEST,WAGNER,ewagner87@nytimes.com,20
DAVID,RIVERA,drivera88@yellowpages.com,24
JOHN,CARPENTER,jcarpenter89@mediafire.com,22
ANNA,FOSTER,afoster8a@ucoz.ru,20
CARLOS,SULLIVAN,csullivan8b@sohu.com,27
PETER,SCHMIDT,pschmidt0@aboutads.info,28
CHRISTINA,HART,chart1@dropbox.com,29
JANET,WARREN,jwarren2@hc360.com,21
PAMELA,SMITH,psmith3@nps.gov,21
VICTOR,WATKINS,vwatkins4@newsvine.com,29
MILDRED,LARSON,mlarson5@exblog.jp,20
ERIC,THOMPSON,ethompson6@buzzfeed.com,28
PHYLLIS,VASQUEZ,pvasquez7@blogspot.com,28
ALAN,GUTIERREZ,agutierrez8@about.me,26
LOUIS,LOPEZ,llopez9@ning.com,22
ELIZABETH,MYERS,emyersa@bigcartel.com,29
EMILY,PHILLIPS,ephillipsb@1688.com,29
DOROTHY,HOLMES,dholmesc@redcross.org,24
SHIRLEY,CAMPBELL,scampbelld@paypal.com,21
PAMELA,WATSON,pwatsone@pen.io,25
HAROLD,MILLS,hmillsf@va.gov,28
JUAN,KING,jkingg@walmart.com,22
FRED,GORDON,fgordonh@chronoengine.com,27
DOUGLAS,HARRIS,dharrisi@yahoo.co.jp,23
RALPH,BENNETT,rbennettj@utexas.edu,24
STEPHEN,ROMERO,sromerok@nih.gov,20
DOROTHY,ELLIOTT,delliottl@yandex.ru,26
TERRY,RODRIGUEZ,trodriguezm@stanford.edu,23
LOUISE,WHEELER,lwheelern@amazon.de,27
STEVE,RAMOS,sramoso@barnesandnoble.com,21
KELLY,CARROLL,kcarrollp@oakley.com,22
KENNETH,HENDERSON,khendersonq@liveinternet.ru,26
BOBBY,SNYDER,bsnyderr@symantec.com,30
SANDRA,ANDREWS,sandrewss@cbc.ca,23
JULIA,BOWMAN,jbowmant@sogou.com,27
TIMOTHY,NELSON,tnelsonu@nydailynews.com,30
JUSTIN,BROWN,jbrownv@simplemachines.org,24
JOHNNY,MENDOZA,jmendozaw@mit.edu,29
BARBARA,DEAN,bdeanx@myspace.com,20
DIANA,ALLEN,dalleny@hubpages.com,25
EARL,JAMES,ejamesz@umich.edu,23
ROY,KING,rking10@hatena.ne.jp,25
EARL,HALL,ehall11@jiathis.com,21
PHILIP,CARTER,pcarter12@themeforest.net,30
ANDREA,FULLER,afuller13@about.me,26
GLORIA,BRADLEY,gbradley14@yellowbook.com,24
MATTHEW,FOX,mfox15@google.com.au,25
ANNIE,MITCHELL,amitchell16@si.edu,29
KENNETH,COOPER,kcooper17@studiopress.com,29
LORI,FOWLER,lfowler18@businessweek.com,20
GEORGE,GARDNER,ggardner19@liveinternet.ru,25
SARA,FOWLER,sfowler1a@mac.com,27
FRED,HOWARD,fhoward1b@youtu.be,30
ALAN,HART,ahart1c@1und1.de,24
ALBERT,ROBERTSON,arobertson1d@japanpost.jp,20
PATRICK,HAYES,phayes1e@acquirethisname.com,28
TAMMY,ALLEN,tallen1f@blog.com,25
RONALD,BERRY,rberry1g@rakuten.co.jp,20
PHILIP,SIMPSON,psimpson1h@privacy.gov.au,23
LOUIS,HARRISON,lharrison1i@nymag.com,21
BONNIE,WELLS,bwells1j@geocities.com,27
MARK,REED,mreed1k@arstechnica.com,20
CARLOS,MCDONALD,cmcdonald1l@cbc.ca,25
AMY,FOWLER,afowler1m@comsenz.com,22
STEPHANIE,ANDREWS,sandrews1n@icio.us,26
KATHY,SHAW,kshaw1o@nytimes.com,23
WILLIAM,HARVEY,wharvey1p@xrea.com,23
AMY,ARNOLD,aarnold1q@ftc.gov,24
ANNE,BARNES,abarnes1r@prnewswire.com,24
LILLIAN,COOK,lcook1s@devhub.com,21
CHERYL,GONZALES,cgonzales1t@kickstarter.com,22
MARIA,ADAMS,madams1u@telegraph.co.uk,21
CHRISTINE,SIMPSON,csimpson1v@netscape.com,29
BRIAN,PARKER,bparker1w@360.cn,23
ANNIE,DAY,aday1x@joomla.org,26
BRANDON,BAILEY,bbailey1y@berkeley.edu,28
ROBERT,GRAHAM,rgraham1z@homestead.com,29
JAMES,HUNT,jhunt20@privacy.gov.au,24
STEPHEN,FRAZIER,sfrazier21@feedburner.com,25
MARIE,BURTON,mburton22@timesonline.co.uk,24
KIMBERLY,COOK,kcook23@foxnews.com,26
GLORIA,MONTGOMERY,gmontgomery24@comcast.net,26
LISA,LANE,llane25@cpanel.net,24
SHARON,WILLIS,swillis26@si.edu,28
JULIE,BANKS,jbanks27@comcast.net,22
LOUIS,FOWLER,lfowler28@exblog.jp,29
LAWRENCE,WEAVER,lweaver29@gizmodo.com,27
RICHARD,TURNER,rturner2a@uol.com.br,25
BETTY,NELSON,bnelson2b@redcross.org,25
RUSSELL,WILSON,rwilson2c@walmart.com,28
PHILIP,BRADLEY,pbradley2d@elegantthemes.com,28
NANCY,BRADLEY,nbradley2e@studiopress.com,21
TERRY,WOODS,twoods2f@phoca.cz,21
DENNIS,PEREZ,dperez2g@dell.com,24
LAWRENCE,LARSON,llarson2h@hatena.ne.jp,28
JEREMY,NICHOLS,jnichols2i@eventbrite.com,25
BRIAN,HART,bhart2j@woothemes.com,20
JOSE,SPENCER,jspencer2k@newyorker.com,20
TODD,DEAN,tdean2l@sitemeter.com,23
HEATHER,HARPER,hharper2m@walmart.com,27
THERESA,MEDINA,tmedina2n@bing.com,22
ALAN,ADAMS,aadams2o@businessinsider.com,22
JERRY,BROOKS,jbrooks2p@usa.gov,23
BRUCE,DAY,bday2q@ca.gov,27
CRAIG,REID,creid2r@telegraph.co.uk,24
DEBORAH,RILEY,driley2s@cpanel.net,20
ANNIE,GREENE,agreene2t@scientificamerican.com,23
KATHY,MARSHALL,kmarshall2u@vistaprint.com,24
JOSEPH,ALLEN,jallen2v@europa.eu,28
WILLIAM,FORD,wford2w@etsy.com,21
SHIRLEY,PIERCE,spierce2x@va.gov,22
JIMMY,HOLMES,jholmes2y@umn.edu,25
RANDY,LYNCH,rlynch2z@youku.com,27
BONNIE,MYERS,bmyers30@yelp.com,27
JULIE,ALLEN,jallen31@blogger.com,28
GARY,STEPHENS,gstephens32@blinklist.com,25
JOSE,BRADLEY,jbradley33@jugem.jp,22
RONALD,CHAPMAN,rchapman34@icio.us,23
MICHAEL,BARNES,mbarnes35@wikipedia.org,29
JENNIFER,FIELDS,jfields36@stanford.edu,24
HENRY,DAY,hday37@squidoo.com,20
JEAN,BURNS,jburns38@g.co,21
STEPHEN,HAYES,shayes39@youtu.be,21
MELISSA,JONES,mjones3a@hostgator.com,28
SARAH,KIM,skim3b@networksolutions.com,27
KATHRYN,REED,kreed3c@netscape.com,24
JUAN,JOHNSTON,jjohnston3d@scientificamerican.com,29
ANDREW,ROGERS,arogers3e@ted.com,26
ERNEST,FORD,eford3f@microsoft.com,28
JUDITH,DANIELS,jdaniels3g@theatlantic.com,25
PHILIP,CLARK,pclark3h@google.co.uk,26
JERRY,ROGERS,jrogers3i@chronoengine.com,20
AMY,STONE,astone3j@wired.com,27
TIMOTHY,PERRY,tperry3k@usnews.com,21
JUDITH,ELLIS,jellis3l@purevolume.com,23
MARTHA,SCOTT,mscott3m@canalblog.com,27
ELIZABETH,JENKINS,ejenkins3n@mail.ru,20
STEVE,FULLER,sfuller3o@google.cn,25
MARILYN,CASTILLO,mcastillo3p@behance.net,21
KELLY,GRANT,kgrant3q@sakura.ne.jp,29
DIANA,WEAVER,dweaver3r@hatena.ne.jp,23
TINA,ROGERS,trogers3s@spotify.com,26
KIMBERLY,MARSHALL,kmarshall3t@flickr.com,29
JOAN,HARRIS,jharris3u@prweb.com,25
LORI,GONZALEZ,lgonzalez3v@dailymail.co.uk,25
TERESA,HAMILTON,thamilton3w@elegantthemes.com,22
CLARENCE,BENNETT,cbennett3x@posterous.com,21
CYNTHIA,GRAY,cgray3y@theguardian.com,21
JOHNNY,COOPER,jcooper3z@cisco.com,26
ANNIE,HALL,ahall40@hexun.com,28
JACK,MITCHELL,jmitchell41@businessweek.com,21
JENNIFER,SMITH,jsmith42@istockphoto.com,20
RONALD,REID,rreid43@live.com,23
ROBERT,WILLIS,rwillis44@mlb.com,23
HELEN,BOYD,hboyd45@ezinearticles.com,25
JULIE,WOOD,jwood46@mail.ru,23
STEVEN,BAKER,sbaker47@photobucket.com,30
MELISSA,HARRIS,mharris48@trellian.com,25
TAMMY,RIVERA,trivera49@eventbrite.com,25
ARTHUR,WATSON,awatson4a@odnoklassniki.ru,26
MICHAEL,ELLIS,mellis4b@msu.edu,28
BRENDA,SIMMONS,bsimmons4c@altervista.org,29
LARRY,FOX,lfox4d@ca.gov,24
PHYLLIS,ELLIS,pellis4e@histats.com,25
SCOTT,BROWN,sbrown4f@marketwatch.com,30
KEITH,HAYES,khayes4g@blogspot.com,27
CHRISTINA,FOWLER,cfowler4h@reddit.com,20
LINDA,ROBERTS,lroberts4i@cnbc.com,24
DAVID,WEST,dwest4j@wikimedia.org,27
ERNEST,SULLIVAN,esullivan4k@abc.net.au,21
DOROTHY,JENKINS,djenkins4l@deviantart.com,27
JASON,WEBB,jwebb4m@hibu.com,27
NICHOLAS,FREEMAN,nfreeman4n@google.ru,27
AMY,MORENO,amoreno4o@networkadvertising.org,30
RAYMOND,ROSE,rrose4p@wordpress.com,27
DOROTHY,LARSON,dlarson4q@seattletimes.com,23
ANNA,RAMIREZ,aramirez4r@spotify.com,24
ANTONIO,MURPHY,amurphy4s@apple.com,28
SEAN,ARNOLD,sarnold4t@liveinternet.ru,27
JANE,BOYD,jboyd4u@storify.com,26
MARGARET,HARRIS,mharris4v@etsy.com,26
RONALD,MORALES,rmorales4w@unesco.org,29
KENNETH,DIXON,kdixon4x@furl.net,21
TODD,HUNTER,thunter4y@tripadvisor.com,28
STEPHEN,SIMPSON,ssimpson4z@miibeian.gov.cn,21
BETTY,SANCHEZ,bsanchez50@yolasite.com,28
HOWARD,PETERSON,hpeterson51@artisteer.com,22
EDWARD,FLORES,eflores52@craigslist.org,24
LISA,POWELL,lpowell53@answers.com,25
ANDREA,RICHARDS,arichards54@plala.or.jp,21
STEVE,KELLEY,skelley55@angelfire.com,25
JEFFREY,HENDERSON,jhenderson56@oracle.com,21
JERRY,GONZALES,jgonzales57@bluehost.com,23
KEVIN,HILL,khill58@guardian.co.uk,20
STEPHEN,HAYES,shayes59@amazon.co.uk,20
LISA,RODRIGUEZ,lrodriguez5a@unesco.org,24
JOAN,FREEMAN,jfreeman5b@mashable.com,24
AMANDA,REYES,areyes5c@biblegateway.com,24
RUBY,ROBINSON,rrobinson5d@webmd.com,23
FRANK,BROOKS,fbrooks5e@hubpages.com,24
KEITH,ALVAREZ,kalvarez5f@elpais.com,20
ARTHUR,KING,aking5g@msn.com,22
GARY,STANLEY,gstanley5h@prnewswire.com,23
BRANDON,PORTER,bporter5i@fotki.com,28
WALTER,FERGUSON,wferguson5j@163.com,24
EUGENE,CARR,ecarr5k@drupal.org,22
JUSTIN,MARTINEZ,jmartinez5l@marriott.com,30
VIRGINIA,PARKER,vparker5m@msn.com,21
RACHEL,MONTGOMERY,rmontgomery5n@over-blog.com,24
NICHOLAS,COLEMAN,ncoleman5o@constantcontact.com,22
SEAN,GARDNER,sgardner5p@nsw.gov.au,26
SUSAN,STEPHENS,sstephens5q@sina.com.cn,26
FRANK,WARREN,fwarren5r@wp.com,24
MARGARET,HARPER,mharper5s@freewebs.com,26
LILLIAN,REED,lreed5t@nasa.gov,22
KELLY,DAVIS,kdavis5u@shop-pro.jp,20
STEVEN,MENDOZA,smendoza5v@wordpress.org,30
DANIEL,ANDREWS,dandrews5w@homestead.com,22
EUGENE,FLORES,eflores5x@abc.net.au,30
JERRY,LOPEZ,jlopez5y@studiopress.com,20
CHRISTINE,GORDON,cgordon5z@wikimedia.org,20
JANICE,COOPER,jcooper60@pinterest.com,24
NICOLE,ADAMS,nadams61@naver.com,23
JASON,GRAHAM,jgraham62@tamu.edu,20
PHILIP,ROSE,prose63@lulu.com,27
JONATHAN,BRYANT,jbryant64@msn.com,25
MARILYN,LITTLE,mlittle65@phpbb.com,21
NICOLE,GARRETT,ngarrett66@loc.gov,30
DIANE,GONZALES,dgonzales67@yahoo.co.jp,27
WILLIAM,DIXON,wdixon68@apple.com,26
HELEN,THOMPSON,hthompson69@japanpost.jp,24
IRENE,SANDERS,isanders6a@networkadvertising.org,23
JACQUELINE,BROOKS,jbrooks6b@weebly.com,22
TINA,BUTLER,tbutler6c@prweb.com,21
ERNEST,MILLER,emiller6d@sourceforge.net,26
RUSSELL,REYES,rreyes6e@shareasale.com,23
BONNIE,DIAZ,bdiaz6f@europa.eu,27
KATHY,BROOKS,kbrooks6g@fotki.com,20
PHYLLIS,ADAMS,padams6h@zdnet.com,24
HARRY,FLORES,hflores6i@timesonline.co.uk,20
ALICE,HUDSON,ahudson6j@sciencedaily.com,24
LOIS,BARNES,lbarnes6k@google.nl,21
JASON,WARD,jward6l@xinhuanet.com,25
JANICE,HANSON,jhanson6m@parallels.com,27
JUDITH,EDWARDS,jedwards6n@t.co,28
JENNIFER,TURNER,jturner6o@army.mil,28
DANIEL,HAMILTON,dhamilton6p@dagondesign.com,23
DENISE,ORTIZ,dortiz6q@fastcompany.com,25
KEVIN,REYNOLDS,kreynolds6r@forbes.com,27
JUDY,MONTGOMERY,jmontgomery6s@narod.ru,24
RANDY,WALKER,rwalker6t@angelfire.com,29
JEREMY,COLE,jcole6u@eventbrite.com,22
DORIS,SHAW,dshaw6v@twitpic.com,23
BRIAN,FULLER,bfuller6w@amazonaws.com,29
JOSE,WELLS,jwells6x@reddit.com,25
MARILYN,KNIGHT,mknight6y@cam.ac.uk,20
JASON,RAY,jray6z@seesaa.net,22
TERRY,WARREN,twarren70@nsw.gov.au,30
MARILYN,GORDON,mgordon71@disqus.com,28
JENNIFER,REED,jreed72@storify.com,27
ROSE,WHITE,rwhite73@nature.com,20
JOE,BAILEY,jbailey74@answers.com,24
STEVE,MEYER,smeyer75@yelp.com,29
ANNE,FREEMAN,afreeman76@cloudflare.com,23
EVELYN,EDWARDS,eedwards77@imdb.com,21
AMANDA,BLACK,ablack78@posterous.com,26
CLARENCE,PALMER,cpalmer79@google.cn,28
ROSE,GARZA,rgarza7a@alibaba.com,26
HAROLD,GRAY,hgray7b@thetimes.co.uk,22
BRIAN,WELCH,bwelch7c@engadget.com,24
ROBERT,FORD,rford7d@prweb.com,30
LAWRENCE,WILSON,lwilson7e@umn.edu,21
JEFFREY,MURRAY,jmurray7f@hibu.com,25
JEAN,HARRIS,jharris7g@oracle.com,30
DEBRA,FOSTER,dfoster7h@studiopress.com,22
GLORIA,RYAN,gryan7i@twitter.com,21
JIMMY,REYNOLDS,jreynolds7j@boston.com,20
KEVIN,BLACK,kblack7k@gmpg.org,29
TERRY,FOWLER,tfowler7l@sphinn.com,25
GERALD,JORDAN,gjordan7m@reuters.com,30
SHAWN,ALEXANDER,salexander7n@joomla.org,27
MICHAEL,CUNNINGHAM,mcunningham7o@statcounter.com,27
CAROLYN,FORD,cford7p@google.co.uk,27
ERIC,GUTIERREZ,egutierrez7q@smh.com.au,30
DIANA,HARPER,dharper7r@toplist.cz,26
DANIEL,KENNEDY,dkennedy7s@auda.org.au,27
JEREMY,FERNANDEZ,jfernandez7t@mlb.com,23
CHRIS,MURRAY,cmurray7u@scientificamerican.com,29
PATRICK,SCOTT,pscott7v@tamu.edu,26
SAMUEL,RICHARDS,srichards7w@flavors.me,25
ROY,GARZA,rgarza7x@goo.ne.jp,28
PATRICIA,WALLACE,pwallace7y@amazon.co.jp,29
JESSE,PIERCE,jpierce7z@amazon.co.uk,24
MARIE,WILLIS,mwillis80@abc.net.au,23
JOE,LYNCH,jlynch81@hibu.com,29
ASHLEY,SNYDER,asnyder82@illinois.edu,30
CRAIG,WRIGHT,cwright83@php.net,29
LOUIS,CASTILLO,lcastillo84@mail.ru,29
ARTHUR,YOUNG,ayoung85@boston.com,30
LINDA,GREENE,lgreene86@wp.com,24
ERNEST,WAGNER,ewagner87@nytimes.com,20
DAVID,RIVERA,drivera88@yellowpages.com,24
JOHN,CARPENTER,jcarpenter89@mediafire.com,22
ANNA,FOSTER,afoster8a@ucoz.ru,20
CARLOS,SULLIVAN,csullivan8b@sohu.com,27
PETER,SCHMIDT,pschmidt0@aboutads.info,28
CHRISTINA,HART,chart1@dropbox.com,29
JANET,WARREN,jwarren2@hc360.com,21
PAMELA,SMITH,psmith3@nps.gov,21
VICTOR,WATKINS,vwatkins4@newsvine.com,29
MILDRED,LARSON,mlarson5@exblog.jp,20
ERIC,THOMPSON,ethompson6@buzzfeed.com,28
PHYLLIS,VASQUEZ,pvasquez7@blogspot.com,28
ALAN,GUTIERREZ,agutierrez8@about.me,26
LOUIS,LOPEZ,llopez9@ning.com,22
ELIZABETH,MYERS,emyersa@bigcartel.com,29
EMILY,PHILLIPS,ephillipsb@1688.com,29
DOROTHY,HOLMES,dholmesc@redcross.org,24
SHIRLEY,CAMPBELL,scampbelld@paypal.com,21
PAMELA,WATSON,pwatsone@pen.io,25
HAROLD,MILLS,hmillsf@va.gov,28
JUAN,KING,jkingg@walmart.com,22
FRED,GORDON,fgordonh@chronoengine.com,27
DOUGLAS,HARRIS,dharrisi@yahoo.co.jp,23
RALPH,BENNETT,rbennettj@utexas.edu,24
STEPHEN,ROMERO,sromerok@nih.gov,20
DOROTHY,ELLIOTT,delliottl@yandex.ru,26
TERRY,RODRIGUEZ,trodriguezm@stanford.edu,23
LOUISE,WHEELER,lwheelern@amazon.de,27
STEVE,RAMOS,sramoso@barnesandnoble.com,21
KELLY,CARROLL,kcarrollp@oakley.com,22
KENNETH,HENDERSON,khendersonq@liveinternet.ru,26
BOBBY,SNYDER,bsnyderr@symantec.com,30
SANDRA,ANDREWS,sandrewss@cbc.ca,23
JULIA,BOWMAN,jbowmant@sogou.com,27
TIMOTHY,NELSON,tnelsonu@nydailynews.com,30
JUSTIN,BROWN,jbrownv@simplemachines.org,24
JOHNNY,MENDOZA,jmendozaw@mit.edu,29
BARBARA,DEAN,bdeanx@myspace.com,20
DIANA,ALLEN,dalleny@hubpages.com,25
EARL,JAMES,ejamesz@umich.edu,23
ROY,KING,rking10@hatena.ne.jp,25
EARL,HALL,ehall11@jiathis.com,21
PHILIP,CARTER,pcarter12@themeforest.net,30
ANDREA,FULLER,afuller13@about.me,26
GLORIA,BRADLEY,gbradley14@yellowbook.com,24
MATTHEW,FOX,mfox15@google.com.au,25
ANNIE,MITCHELL,amitchell16@si.edu,29
KENNETH,COOPER,kcooper17@studiopress.com,29
LORI,FOWLER,lfowler18@businessweek.com,20
GEORGE,GARDNER,ggardner19@liveinternet.ru,25
SARA,FOWLER,sfowler1a@mac.com,27
FRED,HOWARD,fhoward1b@youtu.be,30
ALAN,HART,ahart1c@1und1.de,24
ALBERT,ROBERTSON,arobertson1d@japanpost.jp,20
PATRICK,HAYES,phayes1e@acquirethisname.com,28
TAMMY,ALLEN,tallen1f@blog.com,25
RONALD,BERRY,rberry1g@rakuten.co.jp,20
PHILIP,SIMPSON,psimpson1h@privacy.gov.au,23
LOUIS,HARRISON,lharrison1i@nymag.com,21
BONNIE,WELLS,bwells1j@geocities.com,27
MARK,REED,mreed1k@arstechnica.com,20
CARLOS,MCDONALD,cmcdonald1l@cbc.ca,25
AMY,FOWLER,afowler1m@comsenz.com,22
STEPHANIE,ANDREWS,sandrews1n@icio.us,26
KATHY,SHAW,kshaw1o@nytimes.com,23
WILLIAM,HARVEY,wharvey1p@xrea.com,23
AMY,ARNOLD,aarnold1q@ftc.gov,24
ANNE,BARNES,abarnes1r@prnewswire.com,24
LILLIAN,COOK,lcook1s@devhub.com,21
CHERYL,GONZALES,cgonzales1t@kickstarter.com,22
MARIA,ADAMS,madams1u@telegraph.co.uk,21
CHRISTINE,SIMPSON,csimpson1v@netscape.com,29
BRIAN,PARKER,bparker1w@360.cn,23
ANNIE,DAY,aday1x@joomla.org,26
BRANDON,BAILEY,bbailey1y@berkeley.edu,28
ROBERT,GRAHAM,rgraham1z@homestead.com,29
JAMES,HUNT,jhunt20@privacy.gov.au,24
STEPHEN,FRAZIER,sfrazier21@feedburner.com,25
MARIE,BURTON,mburton22@timesonline.co.uk,24
KIMBERLY,COOK,kcook23@foxnews.com,26
GLORIA,MONTGOMERY,gmontgomery24@comcast.net,26
LISA,LANE,llane25@cpanel.net,24
SHARON,WILLIS,swillis26@si.edu,28
JULIE,BANKS,jbanks27@comcast.net,22
LOUIS,FOWLER,lfowler28@exblog.jp,29
LAWRENCE,WEAVER,lweaver29@gizmodo.com,27
RICHARD,TURNER,rturner2a@uol.com.br,25
BETTY,NELSON,bnelson2b@redcross.org,25
RUSSELL,WILSON,rwilson2c@walmart.com,28
PHILIP,BRADLEY,pbradley2d@elegantthemes.com,28
NANCY,BRADLEY,nbradley2e@studiopress.com,21
TERRY,WOODS,twoods2f@phoca.cz,21
DENNIS,PEREZ,dperez2g@dell.com,24
LAWRENCE,LARSON,llarson2h@hatena.ne.jp,28
JEREMY,NICHOLS,jnichols2i@eventbrite.com,25
BRIAN,HART,bhart2j@woothemes.com,20
JOSE,SPENCER,jspencer2k@newyorker.com,20
TODD,DEAN,tdean2l@sitemeter.com,23
HEATHER,HARPER,hharper2m@walmart.com,27
THERESA,MEDINA,tmedina2n@bing.com,22
ALAN,ADAMS,aadams2o@businessinsider.com,22
JERRY,BROOKS,jbrooks2p@usa.gov,23
BRUCE,DAY,bday2q@ca.gov,27
CRAIG,REID,creid2r@telegraph.co.uk,24
DEBORAH,RILEY,driley2s@cpanel.net,20
ANNIE,GREENE,agreene2t@scientificamerican.com,23
KATHY,MARSHALL,kmarshall2u@vistaprint.com,24
JOSEPH,ALLEN,jallen2v@europa.eu,28
WILLIAM,FORD,wford2w@etsy.com,21
SHIRLEY,PIERCE,spierce2x@va.gov,22
JIMMY,HOLMES,jholmes2y@umn.edu,25
RANDY,LYNCH,rlynch2z@youku.com,27
BONNIE,MYERS,bmyers30@yelp.com,27
JULIE,ALLEN,jallen31@blogger.com,28
GARY,STEPHENS,gstephens32@blinklist.com,25
JOSE,BRADLEY,jbradley33@jugem.jp,22
RONALD,CHAPMAN,rchapman34@icio.us,23
MICHAEL,BARNES,mbarnes35@wikipedia.org,29
JENNIFER,FIELDS,jfields36@stanford.edu,24
HENRY,DAY,hday37@squidoo.com,20
JEAN,BURNS,jburns38@g.co,21
STEPHEN,HAYES,shayes39@youtu.be,21
MELISSA,JONES,mjones3a@hostgator.com,28
SARAH,KIM,skim3b@networksolutions.com,27
KATHRYN,REED,kreed3c@netscape.com,24
JUAN,JOHNSTON,jjohnston3d@scientificamerican.com,29
ANDREW,ROGERS,arogers3e@ted.com,26
ERNEST,FORD,eford3f@microsoft.com,28
JUDITH,DANIELS,jdaniels3g@theatlantic.com,25
PHILIP,CLARK,pclark3h@google.co.uk,26
JERRY,ROGERS,jrogers3i@chronoengine.com,20
AMY,STONE,astone3j@wired.com,27
TIMOTHY,PERRY,tperry3k@usnews.com,21
JUDITH,ELLIS,jellis3l@purevolume.com,23
MARTHA,SCOTT,mscott3m@canalblog.com,27
ELIZABETH,JENKINS,ejenkins3n@mail.ru,20
STEVE,FULLER,sfuller3o@google.cn,25
MARILYN,CASTILLO,mcastillo3p@behance.net,21
KELLY,GRANT,kgrant3q@sakura.ne.jp,29
DIANA,WEAVER,dweaver3r@hatena.ne.jp,23
TINA,ROGERS,trogers3s@spotify.com,26
KIMBERLY,MARSHALL,kmarshall3t@flickr.com,29
JOAN,HARRIS,jharris3u@prweb.com,25
LORI,GONZALEZ,lgonzalez3v@dailymail.co.uk,25
TERESA,HAMILTON,thamilton3w@elegantthemes.com,22
CLARENCE,BENNETT,cbennett3x@posterous.com,21
CYNTHIA,GRAY,cgray3y@theguardian.com,21
JOHNNY,COOPER,jcooper3z@cisco.com,26
ANNIE,HALL,ahall40@hexun.com,28
JACK,MITCHELL,jmitchell41@businessweek.com,21
JENNIFER,SMITH,jsmith42@istockphoto.com,20
RONALD,REID,rreid43@live.com,23
ROBERT,WILLIS,rwillis44@mlb.com,23
HELEN,BOYD,hboyd45@ezinearticles.com,25
JULIE,WOOD,jwood46@mail.ru,23
STEVEN,BAKER,sbaker47@photobucket.com,30
MELISSA,HARRIS,mharris48@trellian.com,25
TAMMY,RIVERA,trivera49@eventbrite.com,25
ARTHUR,WATSON,awatson4a@odnoklassniki.ru,26
MICHAEL,ELLIS,mellis4b@msu.edu,28
BRENDA,SIMMONS,bsimmons4c@altervista.org,29
LARRY,FOX,lfox4d@ca.gov,24
PHYLLIS,ELLIS,pellis4e@histats.com,25
SCOTT,BROWN,sbrown4f@marketwatch.com,30
KEITH,HAYES,khayes4g@blogspot.com,27
CHRISTINA,FOWLER,cfowler4h@reddit.com,20
LINDA,ROBERTS,lroberts4i@cnbc.com,24
DAVID,WEST,dwest4j@wikimedia.org,27
ERNEST,SULLIVAN,esullivan4k@abc.net.au,21
DOROTHY,JENKINS,djenkins4l@deviantart.com,27
JASON,WEBB,jwebb4m@hibu.com,27
NICHOLAS,FREEMAN,nfreeman4n@google.ru,27
AMY,MORENO,amoreno4o@networkadvertising.org,30
RAYMOND,ROSE,rrose4p@wordpress.com,27
DOROTHY,LARSON,dlarson4q@seattletimes.com,23
ANNA,RAMIREZ,aramirez4r@spotify.com,24
ANTONIO,MURPHY,amurphy4s@apple.com,28
SEAN,ARNOLD,sarnold4t@liveinternet.ru,27
JANE,BOYD,jboyd4u@storify.com,26
MARGARET,HARRIS,mharris4v@etsy.com,26
RONALD,MORALES,rmorales4w@unesco.org,29
KENNETH,DIXON,kdixon4x@furl.net,21
TODD,HUNTER,thunter4y@tripadvisor.com,28
STEPHEN,SIMPSON,ssimpson4z@miibeian.gov.cn,21
BETTY,SANCHEZ,bsanchez50@yolasite.com,28
HOWARD,PETERSON,hpeterson51@artisteer.com,22
EDWARD,FLORES,eflores52@craigslist.org,24
LISA,POWELL,lpowell53@answers.com,25
ANDREA,RICHARDS,arichards54@plala.or.jp,21
STEVE,KELLEY,skelley55@angelfire.com,25
JEFFREY,HENDERSON,jhenderson56@oracle.com,21
JERRY,GONZALES,jgonzales57@bluehost.com,23
KEVIN,HILL,khill58@guardian.co.uk,20
STEPHEN,HAYES,shayes59@amazon.co.uk,20
LISA,RODRIGUEZ,lrodriguez5a@unesco.org,24
JOAN,FREEMAN,jfreeman5b@mashable.com,24
AMANDA,REYES,areyes5c@biblegateway.com,24
RUBY,ROBINSON,rrobinson5d@webmd.com,23
FRANK,BROOKS,fbrooks5e@hubpages.com,24
KEITH,ALVAREZ,kalvarez5f@elpais.com,20
ARTHUR,KING,aking5g@msn.com,22
GARY,STANLEY,gstanley5h@prnewswire.com,23
BRANDON,PORTER,bporter5i@fotki.com,28
WALTER,FERGUSON,wferguson5j@163.com,24
EUGENE,CARR,ecarr5k@drupal.org,22
JUSTIN,MARTINEZ,jmartinez5l@marriott.com,30
VIRGINIA,PARKER,vparker5m@msn.com,21
RACHEL,MONTGOMERY,rmontgomery5n@over-blog.com,24
NICHOLAS,COLEMAN,ncoleman5o@constantcontact.com,22
SEAN,GARDNER,sgardner5p@nsw.gov.au,26
SUSAN,STEPHENS,sstephens5q@sina.com.cn,26
FRANK,WARREN,fwarren5r@wp.com,24
MARGARET,HARPER,mharper5s@freewebs.com,26
LILLIAN,REED,lreed5t@nasa.gov,22
KELLY,DAVIS,kdavis5u@shop-pro.jp,20
STEVEN,MENDOZA,smendoza5v@wordpress.org,30
DANIEL,ANDREWS,dandrews5w@homestead.com,22
EUGENE,FLORES,eflores5x@abc.net.au,30
JERRY,LOPEZ,jlopez5y@studiopress.com,20
CHRISTINE,GORDON,cgordon5z@wikimedia.org,20
JANICE,COOPER,jcooper60@pinterest.com,24
NICOLE,ADAMS,nadams61@naver.com,23
JASON,GRAHAM,jgraham62@tamu.edu,20
PHILIP,ROSE,prose63@lulu.com,27
JONATHAN,BRYANT,jbryant64@msn.com,25
MARILYN,LITTLE,mlittle65@phpbb.com,21
NICOLE,GARRETT,ngarrett66@loc.gov,30
DIANE,GONZALES,dgonzales67@yahoo.co.jp,27
WILLIAM,DIXON,wdixon68@apple.com,26
HELEN,THOMPSON,hthompson69@japanpost.jp,24
IRENE,SANDERS,isanders6a@networkadvertising.org,23
JACQUELINE,BROOKS,jbrooks6b@weebly.com,22
TINA,BUTLER,tbutler6c@prweb.com,21
ERNEST,MILLER,emiller6d@sourceforge.net,26
RUSSELL,REYES,rreyes6e@shareasale.com,23
BONNIE,DIAZ,bdiaz6f@europa.eu,27
KATHY,BROOKS,kbrooks6g@fotki.com,20
PHYLLIS,ADAMS,padams6h@zdnet.com,24
HARRY,FLORES,hflores6i@timesonline.co.uk,20
ALICE,HUDSON,ahudson6j@sciencedaily.com,24
LOIS,BARNES,lbarnes6k@google.nl,21
JASON,WARD,jward6l@xinhuanet.com,25
JANICE,HANSON,jhanson6m@parallels.com,27
JUDITH,EDWARDS,jedwards6n@t.co,28
JENNIFER,TURNER,jturner6o@army.mil,28
DANIEL,HAMILTON,dhamilton6p@dagondesign.com,23
DENISE,ORTIZ,dortiz6q@fastcompany.com,25
KEVIN,REYNOLDS,kreynolds6r@forbes.com,27
JUDY,MONTGOMERY,jmontgomery6s@narod.ru,24
RANDY,WALKER,rwalker6t@angelfire.com,29
JEREMY,COLE,jcole6u@eventbrite.com,22
DORIS,SHAW,dshaw6v@twitpic.com,23
BRIAN,FULLER,bfuller6w@amazonaws.com,29
JOSE,WELLS,jwells6x@reddit.com,25
MARILYN,KNIGHT,mknight6y@cam.ac.uk,20
JASON,RAY,jray6z@seesaa.net,22
TERRY,WARREN,twarren70@nsw.gov.au,30
MARILYN,GORDON,mgordon71@disqus.com,28
JENNIFER,REED,jreed72@storify.com,27
ROSE,WHITE,rwhite73@nature.com,20
JOE,BAILEY,jbailey74@answers.com,24
STEVE,MEYER,smeyer75@yelp.com,29
ANNE,FREEMAN,afreeman76@cloudflare.com,23
EVELYN,EDWARDS,eedwards77@imdb.com,21
AMANDA,BLACK,ablack78@posterous.com,26
CLARENCE,PALMER,cpalmer79@google.cn,28
ROSE,GARZA,rgarza7a@alibaba.com,26
HAROLD,GRAY,hgray7b@thetimes.co.uk,22
BRIAN,WELCH,bwelch7c@engadget.com,24
ROBERT,FORD,rford7d@prweb.com,30
LAWRENCE,WILSON,lwilson7e@umn.edu,21
JEFFREY,MURRAY,jmurray7f@hibu.com,25
JEAN,HARRIS,jharris7g@oracle.com,30
DEBRA,FOSTER,dfoster7h@studiopress.com,22
GLORIA,RYAN,gryan7i@twitter.com,21
JIMMY,REYNOLDS,jreynolds7j@boston.com,20
KEVIN,BLACK,kblack7k@gmpg.org,29
TERRY,FOWLER,tfowler7l@sphinn.com,25
GERALD,JORDAN,gjordan7m@reuters.com,30
SHAWN,ALEXANDER,salexander7n@joomla.org,27
MICHAEL,CUNNINGHAM,mcunningham7o@statcounter.com,27
CAROLYN,FORD,cford7p@google.co.uk,27
ERIC,GUTIERREZ,egutierrez7q@smh.com.au,30
DIANA,HARPER,dharper7r@toplist.cz,26
DANIEL,KENNEDY,dkennedy7s@auda.org.au,27
JEREMY,FERNANDEZ,jfernandez7t@mlb.com,23
CHRIS,MURRAY,cmurray7u@scientificamerican.com,29
PATRICK,SCOTT,pscott7v@tamu.edu,26
SAMUEL,RICHARDS,srichards7w@flavors.me,25
ROY,GARZA,rgarza7x@goo.ne.jp,28
PATRICIA,WALLACE,pwallace7y@amazon.co.jp,29
JESSE,PIERCE,jpierce7z@amazon.co.uk,24
MARIE,WILLIS,mwillis80@abc.net.au,23
JOE,LYNCH,jlynch81@hibu.com,29
ASHLEY,SNYDER,asnyder82@illinois.edu,30
CRAIG,WRIGHT,cwright83@php.net,29
LOUIS,CASTILLO,lcastillo84@mail.ru,29
ARTHUR,YOUNG,ayoung85@boston.com,30
LINDA,GREENE,lgreene86@wp.com,24
ERNEST,WAGNER,ewagner87@nytimes.com,20
DAVID,RIVERA,drivera88@yellowpages.com,24
JOHN,CARPENTER,jcarpenter89@mediafire.com,22
ANNA,FOSTER,afoster8a@ucoz.ru,20
CARLOS,SULLIVAN,csullivan8b@sohu.com,27
PETER,SCHMIDT,pschmidt0@aboutads.info,28
CHRISTINA,HART,chart1@dropbox.com,29
JANET,WARREN,jwarren2@hc360.com,21
PAMELA,SMITH,psmith3@nps.gov,21
VICTOR,WATKINS,vwatkins4@newsvine.com,29
MILDRED,LARSON,mlarson5@exblog.jp,20
ERIC,THOMPSON,ethompson6@buzzfeed.com,28
PHYLLIS,VASQUEZ,pvasquez7@blogspot.com,28
ALAN,GUTIERREZ,agutierrez8@about.me,26
LOUIS,LOPEZ,llopez9@ning.com,22
ELIZABETH,MYERS,emyersa@bigcartel.com,29
EMILY,PHILLIPS,ephillipsb@1688.com,29
DOROTHY,HOLMES,dholmesc@redcross.org,24
SHIRLEY,CAMPBELL,scampbelld@paypal.com,21
PAMELA,WATSON,pwatsone@pen.io,25
HAROLD,MILLS,hmillsf@va.gov,28
JUAN,KING,jkingg@walmart.com,22
FRED,GORDON,fgordonh@chronoengine.com,27
DOUGLAS,HARRIS,dharrisi@yahoo.co.jp,23
RALPH,BENNETT,rbennettj@utexas.edu,24
STEPHEN,ROMERO,sromerok@nih.gov,20
DOROTHY,ELLIOTT,delliottl@yandex.ru,26
TERRY,RODRIGUEZ,trodriguezm@stanford.edu,23
LOUISE,WHEELER,lwheelern@amazon.de,27
STEVE,RAMOS,sramoso@barnesandnoble.com,21
KELLY,CARROLL,kcarrollp@oakley.com,22
KENNETH,HENDERSON,khendersonq@liveinternet.ru,26
BOBBY,SNYDER,bsnyderr@symantec.com,30
SANDRA,ANDREWS,sandrewss@cbc.ca,23
JULIA,BOWMAN,jbowmant@sogou.com,27
TIMOTHY,NELSON,tnelsonu@nydailynews.com,30
JUSTIN,BROWN,jbrownv@simplemachines.org,24
JOHNNY,MENDOZA,jmendozaw@mit.edu,29
BARBARA,DEAN,bdeanx@myspace.com,20
DIANA,ALLEN,dalleny@hubpages.com,25
EARL,JAMES,ejamesz@umich.edu,23
ROY,KING,rking10@hatena.ne.jp,25
EARL,HALL,ehall11@jiathis.com,21
PHILIP,CARTER,pcarter12@themeforest.net,30
ANDREA,FULLER,afuller13@about.me,26
GLORIA,BRADLEY,gbradley14@yellowbook.com,24
MATTHEW,FOX,mfox15@google.com.au,25
ANNIE,MITCHELL,amitchell16@si.edu,29
KENNETH,COOPER,kcooper17@studiopress.com,29
LORI,FOWLER,lfowler18@businessweek.com,20
GEORGE,GARDNER,ggardner19@liveinternet.ru,25
SARA,FOWLER,sfowler1a@mac.com,27
FRED,HOWARD,fhoward1b@youtu.be,30
ALAN,HART,ahart1c@1und1.de,24
ALBERT,ROBERTSON,arobertson1d@japanpost.jp,20
PATRICK,HAYES,phayes1e@acquirethisname.com,28
TAMMY,ALLEN,tallen1f@blog.com,25
RONALD,BERRY,rberry1g@rakuten.co.jp,20
PHILIP,SIMPSON,psimpson1h@privacy.gov.au,23
LOUIS,HARRISON,lharrison1i@nymag.com,21
BONNIE,WELLS,bwells1j@geocities.com,27
MARK,REED,mreed1k@arstechnica.com,20
CARLOS,MCDONALD,cmcdonald1l@cbc.ca,25
AMY,FOWLER,afowler1m@comsenz.com,22
STEPHANIE,ANDREWS,sandrews1n@icio.us,26
KATHY,SHAW,kshaw1o@nytimes.com,23
WILLIAM,HARVEY,wharvey1p@xrea.com,23
AMY,ARNOLD,aarnold1q@ftc.gov,24
ANNE,BARNES,abarnes1r@prnewswire.com,24
LILLIAN,COOK,lcook1s@devhub.com,21
CHERYL,GONZALES,cgonzales1t@kickstarter.com,22
MARIA,ADAMS,madams1u@telegraph.co.uk,21
CHRISTINE,SIMPSON,csimpson1v@netscape.com,29
BRIAN,PARKER,bparker1w@360.cn,23
ANNIE,DAY,aday1x@joomla.org,26
BRANDON,BAILEY,bbailey1y@berkeley.edu,28
ROBERT,GRAHAM,rgraham1z@homestead.com,29
JAMES,HUNT,jhunt20@privacy.gov.au,24
STEPHEN,FRAZIER,sfrazier21@feedburner.com,25
MARIE,BURTON,mburton22@timesonline.co.uk,24
KIMBERLY,COOK,kcook23@foxnews.com,26
GLORIA,MONTGOMERY,gmontgomery24@comcast.net,26
LISA,LANE,llane25@cpanel.net,24
SHARON,WILLIS,swillis26@si.edu,28
JULIE,BANKS,jbanks27@comcast.net,22
LOUIS,FOWLER,lfowler28@exblog.jp,29
LAWRENCE,WEAVER,lweaver29@gizmodo.com,27
RICHARD,TURNER,rturner2a@uol.com.br,25
BETTY,NELSON,bnelson2b@redcross.org,25
RUSSELL,WILSON,rwilson2c@walmart.com,28
PHILIP,BRADLEY,pbradley2d@elegantthemes.com,28
NANCY,BRADLEY,nbradley2e@studiopress.com,21
TERRY,WOODS,twoods2f@phoca.cz,21
DENNIS,PEREZ,dperez2g@dell.com,24
LAWRENCE,LARSON,llarson2h@hatena.ne.jp,28
JEREMY,NICHOLS,jnichols2i@eventbrite.com,25
BRIAN,HART,bhart2j@woothemes.com,20
JOSE,SPENCER,jspencer2k@newyorker.com,20
TODD,DEAN,tdean2l@sitemeter.com,23
HEATHER,HARPER,hharper2m@walmart.com,27
THERESA,MEDINA,tmedina2n@bing.com,22
ALAN,ADAMS,aadams2o@businessinsider.com,22
JERRY,BROOKS,jbrooks2p@usa.gov,23
BRUCE,DAY,bday2q@ca.gov,27
CRAIG,REID,creid2r@telegraph.co.uk,24
DEBORAH,RILEY,driley2s@cpanel.net,20
ANNIE,GREENE,agreene2t@scientificamerican.com,23
KATHY,MARSHALL,kmarshall2u@vistaprint.com,24
JOSEPH,ALLEN,jallen2v@europa.eu,28
WILLIAM,FORD,wford2w@etsy.com,21
SHIRLEY,PIERCE,spierce2x@va.gov,22
JIMMY,HOLMES,jholmes2y@umn.edu,25
RANDY,LYNCH,rlynch2z@youku.com,27
BONNIE,MYERS,bmyers30@yelp.com,27
JULIE,ALLEN,jallen31@blogger.com,28
GARY,STEPHENS,gstephens32@blinklist.com,25
JOSE,BRADLEY,jbradley33@jugem.jp,22
RONALD,CHAPMAN,rchapman34@icio.us,23
MICHAEL,BARNES,mbarnes35@wikipedia.org,29
JENNIFER,FIELDS,jfields36@stanford.edu,24
HENRY,DAY,hday37@squidoo.com,20
JEAN,BURNS,jburns38@g.co,21
STEPHEN,HAYES,shayes39@youtu.be,21
MELISSA,JONES,mjones3a@hostgator.com,28
SARAH,KIM,skim3b@networksolutions.com,27
KATHRYN,REED,kreed3c@netscape.com,24
JUAN,JOHNSTON,jjohnston3d@scientificamerican.com,29
ANDREW,ROGERS,arogers3e@ted.com,26
ERNEST,FORD,eford3f@microsoft.com,28
JUDITH,DANIELS,jdaniels3g@theatlantic.com,25
PHILIP,CLARK,pclark3h@google.co.uk,26
JERRY,ROGERS,jrogers3i@chronoengine.com,20
AMY,STONE,astone3j@wired.com,27
TIMOTHY,PERRY,tperry3k@usnews.com,21
JUDITH,ELLIS,jellis3l@purevolume.com,23
MARTHA,SCOTT,mscott3m@canalblog.com,27
ELIZABETH,JENKINS,ejenkins3n@mail.ru,20
STEVE,FULLER,sfuller3o@google.cn,25
MARILYN,CASTILLO,mcastillo3p@behance.net,21
KELLY,GRANT,kgrant3q@sakura.ne.jp,29
DIANA,WEAVER,dweaver3r@hatena.ne.jp,23
TINA,ROGERS,trogers3s@spotify.com,26
KIMBERLY,MARSHALL,kmarshall3t@flickr.com,29
JOAN,HARRIS,jharris3u@prweb.com,25
LORI,GONZALEZ,lgonzalez3v@dailymail.co.uk,25
TERESA,HAMILTON,thamilton3w@elegantthemes.com,22
CLARENCE,BENNETT,cbennett3x@posterous.com,21
CYNTHIA,GRAY,cgray3y@theguardian.com,21
JOHNNY,COOPER,jcooper3z@cisco.com,26
ANNIE,HALL,ahall40@hexun.com,28
JACK,MITCHELL,jmitchell41@businessweek.com,21
JENNIFER,SMITH,jsmith42@istockphoto.com,20
RONALD,REID,rreid43@live.com,23
ROBERT,WILLIS,rwillis44@mlb.com,23
HELEN,BOYD,hboyd45@ezinearticles.com,25
JULIE,WOOD,jwood46@mail.ru,23
STEVEN,BAKER,sbaker47@photobucket.com,30
MELISSA,HARRIS,mharris48@trellian.com,25
TAMMY,RIVERA,trivera49@eventbrite.com,25
ARTHUR,WATSON,awatson4a@odnoklassniki.ru,26
MICHAEL,ELLIS,mellis4b@msu.edu,28
BRENDA,SIMMONS,bsimmons4c@altervista.org,29
LARRY,FOX,lfox4d@ca.gov,24
PHYLLIS,ELLIS,pellis4e@histats.com,25
SCOTT,BROWN,sbrown4f@marketwatch.com,30
KEITH,HAYES,khayes4g@blogspot.com,27
CHRISTINA,FOWLER,cfowler4h@reddit.com,20
LINDA,ROBERTS,lroberts4i@cnbc.com,24
DAVID,WEST,dwest4j@wikimedia.org,27
ERNEST,SULLIVAN,esullivan4k@abc.net.au,21
DOROTHY,JENKINS,djenkins4l@deviantart.com,27
JASON,WEBB,jwebb4m@hibu.com,27
NICHOLAS,FREEMAN,nfreeman4n@google.ru,27
AMY,MORENO,amoreno4o@networkadvertising.org,30
RAYMOND,ROSE,rrose4p@wordpress.com,27
DOROTHY,LARSON,dlarson4q@seattletimes.com,23
ANNA,RAMIREZ,aramirez4r@spotify.com,24
ANTONIO,MURPHY,amurphy4s@apple.com,28
SEAN,ARNOLD,sarnold4t@liveinternet.ru,27
JANE,BOYD,jboyd4u@storify.com,26
MARGARET,HARRIS,mharris4v@etsy.com,26
RONALD,MORALES,rmorales4w@unesco.org,29
KENNETH,DIXON,kdixon4x@furl.net,21
TODD,HUNTER,thunter4y@tripadvisor.com,28
STEPHEN,SIMPSON,ssimpson4z@miibeian.gov.cn,21
BETTY,SANCHEZ,bsanchez50@yolasite.com,28
HOWARD,PETERSON,hpeterson51@artisteer.com,22
EDWARD,FLORES,eflores52@craigslist.org,24
LISA,POWELL,lpowell53@answers.com,25
ANDREA,RICHARDS,arichards54@plala.or.jp,21
STEVE,KELLEY,skelley55@angelfire.com,25
JEFFREY,HENDERSON,jhenderson56@oracle.com,21
JERRY,GONZALES,jgonzales57@bluehost.com,23
KEVIN,HILL,khill58@guardian.co.uk,20
STEPHEN,HAYES,shayes59@amazon.co.uk,20
LISA,RODRIGUEZ,lrodriguez5a@unesco.org,24
JOAN,FREEMAN,jfreeman5b@mashable.com,24
AMANDA,REYES,areyes5c@biblegateway.com,24
RUBY,ROBINSON,rrobinson5d@webmd.com,23
FRANK,BROOKS,fbrooks5e@hubpages.com,24
KEITH,ALVAREZ,kalvarez5f@elpais.com,20
ARTHUR,KING,aking5g@msn.com,22
GARY,STANLEY,gstanley5h@prnewswire.com,23
BRANDON,PORTER,bporter5i@fotki.com,28
WALTER,FERGUSON,wferguson5j@163.com,24
EUGENE,CARR,ecarr5k@drupal.org,22
JUSTIN,MARTINEZ,jmartinez5l@marriott.com,30
VIRGINIA,PARKER,vparker5m@msn.com,21
RACHEL,MONTGOMERY,rmontgomery5n@over-blog.com,24
NICHOLAS,COLEMAN,ncoleman5o@constantcontact.com,22
SEAN,GARDNER,sgardner5p@nsw.gov.au,26
SUSAN,STEPHENS,sstephens5q@sina.com.cn,26
FRANK,WARREN,fwarren5r@wp.com,24
MARGARET,HARPER,mharper5s@freewebs.com,26
LILLIAN,REED,lreed5t@nasa.gov,22
KELLY,DAVIS,kdavis5u@shop-pro.jp,20
STEVEN,MENDOZA,smendoza5v@wordpress.org,30
DANIEL,ANDREWS,dandrews5w@homestead.com,22
EUGENE,FLORES,eflores5x@abc.net.au,30
JERRY,LOPEZ,jlopez5y@studiopress.com,20
CHRISTINE,GORDON,cgordon5z@wikimedia.org,20
JANICE,COOPER,jcooper60@pinterest.com,24
NICOLE,ADAMS,nadams61@naver.com,23
JASON,GRAHAM,jgraham62@tamu.edu,20
PHILIP,ROSE,prose63@lulu.com,27
JONATHAN,BRYANT,jbryant64@msn.com,25
MARILYN,LITTLE,mlittle65@phpbb.com,21
NICOLE,GARRETT,ngarrett66@loc.gov,30
DIANE,GONZALES,dgonzales67@yahoo.co.jp,27
WILLIAM,DIXON,wdixon68@apple.com,26
HELEN,THOMPSON,hthompson69@japanpost.jp,24
IRENE,SANDERS,isanders6a@networkadvertising.org,23
JACQUELINE,BROOKS,jbrooks6b@weebly.com,22
TINA,BUTLER,tbutler6c@prweb.com,21
ERNEST,MILLER,emiller6d@sourceforge.net,26
RUSSELL,REYES,rreyes6e@shareasale.com,23
BONNIE,DIAZ,bdiaz6f@europa.eu,27
KATHY,BROOKS,kbrooks6g@fotki.com,20
PHYLLIS,ADAMS,padams6h@zdnet.com,24
HARRY,FLORES,hflores6i@timesonline.co.uk,20
ALICE,HUDSON,ahudson6j@sciencedaily.com,24
LOIS,BARNES,lbarnes6k@google.nl,21
JASON,WARD,jward6l@xinhuanet.com,25
JANICE,HANSON,jhanson6m@parallels.com,27
JUDITH,EDWARDS,jedwards6n@t.co,28
JENNIFER,TURNER,jturner6o@army.mil,28
DANIEL,HAMILTON,dhamilton6p@dagondesign.com,23
DENISE,ORTIZ,dortiz6q@fastcompany.com,25
KEVIN,REYNOLDS,kreynolds6r@forbes.com,27
JUDY,MONTGOMERY,jmontgomery6s@narod.ru,24
RANDY,WALKER,rwalker6t@angelfire.com,29
JEREMY,COLE,jcole6u@eventbrite.com,22
DORIS,SHAW,dshaw6v@twitpic.com,23
BRIAN,FULLER,bfuller6w@amazonaws.com,29
JOSE,WELLS,jwells6x@reddit.com,25
MARILYN,KNIGHT,mknight6y@cam.ac.uk,20
JASON,RAY,jray6z@seesaa.net,22
TERRY,WARREN,twarren70@nsw.gov.au,30
MARILYN,GORDON,mgordon71@disqus.com,28
JENNIFER,REED,jreed72@storify.com,27
ROSE,WHITE,rwhite73@nature.com,20
JOE,BAILEY,jbailey74@answers.com,24
STEVE,MEYER,smeyer75@yelp.com,29
ANNE,FREEMAN,afreeman76@cloudflare.com,23
EVELYN,EDWARDS,eedwards77@imdb.com,21
AMANDA,BLACK,ablack78@posterous.com,26
CLARENCE,PALMER,cpalmer79@google.cn,28
ROSE,GARZA,rgarza7a@alibaba.com,26
HAROLD,GRAY,hgray7b@thetimes.co.uk,22
BRIAN,WELCH,bwelch7c@engadget.com,24
ROBERT,FORD,rford7d@prweb.com,30
LAWRENCE,WILSON,lwilson7e@umn.edu,21
JEFFREY,MURRAY,jmurray7f@hibu.com,25
JEAN,HARRIS,jharris7g@oracle.com,30
DEBRA,FOSTER,dfoster7h@studiopress.com,22
GLORIA,RYAN,gryan7i@twitter.com,21
JIMMY,REYNOLDS,jreynolds7j@boston.com,20
KEVIN,BLACK,kblack7k@gmpg.org,29
TERRY,FOWLER,tfowler7l@sphinn.com,25
GERALD,JORDAN,gjordan7m@reuters.com,30
SHAWN,ALEXANDER,salexander7n@joomla.org,27
MICHAEL,CUNNINGHAM,mcunningham7o@statcounter.com,27
CAROLYN,FORD,cford7p@google.co.uk,27
ERIC,GUTIERREZ,egutierrez7q@smh.com.au,30
DIANA,HARPER,dharper7r@toplist.cz,26
DANIEL,KENNEDY,dkennedy7s@auda.org.au,27
JEREMY,FERNANDEZ,jfernandez7t@mlb.com,23
CHRIS,MURRAY,cmurray7u@scientificamerican.com,29
PATRICK,SCOTT,pscott7v@tamu.edu,26
SAMUEL,RICHARDS,srichards7w@flavors.me,25
ROY,GARZA,rgarza7x@goo.ne.jp,28
PATRICIA,WALLACE,pwallace7y@amazon.co.jp,29
JESSE,PIERCE,jpierce7z@amazon.co.uk,24
MARIE,WILLIS,mwillis80@abc.net.au,23
JOE,LYNCH,jlynch81@hibu.com,29
ASHLEY,SNYDER,asnyder82@illinois.edu,30
CRAIG,WRIGHT,cwright83@php.net,29
LOUIS,CASTILLO,lcastillo84@mail.ru,29
ARTHUR,YOUNG,ayoung85@boston.com,30
LINDA,GREENE,lgreene86@wp.com,24
ERNEST,WAGNER,ewagner87@nytimes.com,20
DAVID,RIVERA,drivera88@yellowpages.com,24
JOHN,CARPENTER,jcarpenter89@mediafire.com,22
ANNA,FOSTER,afoster8a@ucoz.ru,20
CARLOS,SULLIVAN,csullivan8b@sohu.com,27
PETER,SCHMIDT,pschmidt0@aboutads.info,28
CHRISTINA,HART,chart1@dropbox.com,29
JANET,WARREN,jwarren2@hc360.com,21
PAMELA,SMITH,psmith3@nps.gov,21
VICTOR,WATKINS,vwatkins4@newsvine.com,29
MILDRED,LARSON,mlarson5@exblog.jp,20
ERIC,THOMPSON,ethompson6@buzzfeed.com,28
PHYLLIS,VASQUEZ,pvasquez7@blogspot.com,28
ALAN,GUTIERREZ,agutierrez8@about.me,26
LOUIS,LOPEZ,llopez9@ning.com,22
ELIZABETH,MYERS,emyersa@bigcartel.com,29
EMILY,PHILLIPS,ephillipsb@1688.com,29
DOROTHY,HOLMES,dholmesc@redcross.org,24
SHIRLEY,CAMPBELL,scampbelld@paypal.com,21
PAMELA,WATSON,pwatsone@pen.io,25
HAROLD,MILLS,hmillsf@va.gov,28
JUAN,KING,jkingg@walmart.com,22
FRED,GORDON,fgordonh@chronoengine.com,27
DOUGLAS,HARRIS,dharrisi@yahoo.co.jp,23
RALPH,BENNETT,rbennettj@utexas.edu,24
STEPHEN,ROMERO,sromerok@nih.gov,20
DOROTHY,ELLIOTT,delliottl@yandex.ru,26
TERRY,RODRIGUEZ,trodriguezm@stanford.edu,23
LOUISE,WHEELER,lwheelern@amazon.de,27
STEVE,RAMOS,sramoso@barnesandnoble.com,21
KELLY,CARROLL,kcarrollp@oakley.com,22
KENNETH,HENDERSON,khendersonq@liveinternet.ru,26
BOBBY,SNYDER,bsnyderr@symantec.com,30
SANDRA,ANDREWS,sandrewss@cbc.ca,23
JULIA,BOWMAN,jbowmant@sogou.com,27
TIMOTHY,NELSON,tnelsonu@nydailynews.com,30
JUSTIN,BROWN,jbrownv@simplemachines.org,24
JOHNNY,MENDOZA,jmendozaw@mit.edu,29
BARBARA,DEAN,bdeanx@myspace.com,20
DIANA,ALLEN,dalleny@hubpages.com,25
EARL,JAMES,ejamesz@umich.edu,23
ROY,KING,rking10@hatena.ne.jp,25
EARL,HALL,ehall11@jiathis.com,21
PHILIP,CARTER,pcarter12@themeforest.net,30
ANDREA,FULLER,afuller13@about.me,26
GLORIA,BRADLEY,gbradley14@yellowbook.com,24
MATTHEW,FOX,mfox15@google.com.au,25
ANNIE,MITCHELL,amitchell16@si.edu,29
KENNETH,COOPER,kcooper17@studiopress.com,29
LORI,FOWLER,lfowler18@businessweek.com,20
GEORGE,GARDNER,ggardner19@liveinternet.ru,25
SARA,FOWLER,sfowler1a@mac.com,27
FRED,HOWARD,fhoward1b@youtu.be,30
ALAN,HART,ahart1c@1und1.de,24
ALBERT,ROBERTSON,arobertson1d@japanpost.jp,20
PATRICK,HAYES,phayes1e@acquirethisname.com,28
TAMMY,ALLEN,tallen1f@blog.com,25
RONALD,BERRY,rberry1g@rakuten.co.jp,20
PHILIP,SIMPSON,psimpson1h@privacy.gov.au,23
LOUIS,HARRISON,lharrison1i@nymag.com,21
BONNIE,WELLS,bwells1j@geocities.com,27
MARK,REED,mreed1k@arstechnica.com,20
CARLOS,MCDONALD,cmcdonald1l@cbc.ca,25
AMY,FOWLER,afowler1m@comsenz.com,22
STEPHANIE,ANDREWS,sandrews1n@icio.us,26
KATHY,SHAW,kshaw1o@nytimes.com,23
WILLIAM,HARVEY,wharvey1p@xrea.com,23
AMY,ARNOLD,aarnold1q@ftc.gov,24
ANNE,BARNES,abarnes1r@prnewswire.com,24
LILLIAN,COOK,lcook1s@devhub.com,21
CHERYL,GONZALES,cgonzales1t@kickstarter.com,22
MARIA,ADAMS,madams1u@telegraph.co.uk,21
CHRISTINE,SIMPSON,csimpson1v@netscape.com,29
BRIAN,PARKER,bparker1w@360.cn,23
ANNIE,DAY,aday1x@joomla.org,26
BRANDON,BAILEY,bbailey1y@berkeley.edu,28
ROBERT,GRAHAM,rgraham1z@homestead.com,29
JAMES,HUNT,jhunt20@privacy.gov.au,24
STEPHEN,FRAZIER,sfrazier21@feedburner.com,25
MARIE,BURTON,mburton22@timesonline.co.uk,24
KIMBERLY,COOK,kcook23@foxnews.com,26
GLORIA,MONTGOMERY,gmontgomery24@comcast.net,26
LISA,LANE,llane25@cpanel.net,24
SHARON,WILLIS,swillis26@si.edu,28
JULIE,BANKS,jbanks27@comcast.net,22
LOUIS,FOWLER,lfowler28@exblog.jp,29
LAWRENCE,WEAVER,lweaver29@gizmodo.com,27
RICHARD,TURNER,rturner2a@uol.com.br,25
BETTY,NELSON,bnelson2b@redcross.org,25
RUSSELL,WILSON,rwilson2c@walmart.com,28
PHILIP,BRADLEY,pbradley2d@elegantthemes.com,28
NANCY,BRADLEY,nbradley2e@studiopress.com,21
TERRY,WOODS,twoods2f@phoca.cz,21
DENNIS,PEREZ,dperez2g@dell.com,24
LAWRENCE,LARSON,llarson2h@hatena.ne.jp,28
JEREMY,NICHOLS,jnichols2i@eventbrite.com,25
BRIAN,HART,bhart2j@woothemes.com,20
JOSE,SPENCER,jspencer2k@newyorker.com,20
TODD,DEAN,tdean2l@sitemeter.com,23
HEATHER,HARPER,hharper2m@walmart.com,27
THERESA,MEDINA,tmedina2n@bing.com,22
ALAN,ADAMS,aadams2o@businessinsider.com,22
JERRY,BROOKS,jbrooks2p@usa.gov,23
BRUCE,DAY,bday2q@ca.gov,27
CRAIG,REID,creid2r@telegraph.co.uk,24
DEBORAH,RILEY,driley2s@cpanel.net,20
ANNIE,GREENE,agreene2t@scientificamerican.com,23
KATHY,MARSHALL,kmarshall2u@vistaprint.com,24
JOSEPH,ALLEN,jallen2v@europa.eu,28
WILLIAM,FORD,wford2w@etsy.com,21
SHIRLEY,PIERCE,spierce2x@va.gov,22
JIMMY,HOLMES,jholmes2y@umn.edu,25
RANDY,LYNCH,rlynch2z@youku.com,27
BONNIE,MYERS,bmyers30@yelp.com,27
JULIE,ALLEN,jallen31@blogger.com,28
GARY,STEPHENS,gstephens32@blinklist.com,25
JOSE,BRADLEY,jbradley33@jugem.jp,22
RONALD,CHAPMAN,rchapman34@icio.us,23
MICHAEL,BARNES,mbarnes35@wikipedia.org,29
JENNIFER,FIELDS,jfields36@stanford.edu,24
HENRY,DAY,hday37@squidoo.com,20
JEAN,BURNS,jburns38@g.co,21
STEPHEN,HAYES,shayes39@youtu.be,21
MELISSA,JONES,mjones3a@hostgator.com,28
SARAH,KIM,skim3b@networksolutions.com,27
KATHRYN,REED,kreed3c@netscape.com,24
JUAN,JOHNSTON,jjohnston3d@scientificamerican.com,29
ANDREW,ROGERS,arogers3e@ted.com,26
ERNEST,FORD,eford3f@microsoft.com,28
JUDITH,DANIELS,jdaniels3g@theatlantic.com,25
PHILIP,CLARK,pclark3h@google.co.uk,26
JERRY,ROGERS,jrogers3i@chronoengine.com,20
AMY,STONE,astone3j@wired.com,27
TIMOTHY,PERRY,tperry3k@usnews.com,21
JUDITH,ELLIS,jellis3l@purevolume.com,23
MARTHA,SCOTT,mscott3m@canalblog.com,27
ELIZABETH,JENKINS,ejenkins3n@mail.ru,20
STEVE,FULLER,sfuller3o@google.cn,25
MARILYN,CASTILLO,mcastillo3p@behance.net,21
KELLY,GRANT,kgrant3q@sakura.ne.jp,29
DIANA,WEAVER,dweaver3r@hatena.ne.jp,23
TINA,ROGERS,trogers3s@spotify.com,26
KIMBERLY,MARSHALL,kmarshall3t@flickr.com,29
JOAN,HARRIS,jharris3u@prweb.com,25
LORI,GONZALEZ,lgonzalez3v@dailymail.co.uk,25
TERESA,HAMILTON,thamilton3w@elegantthemes.com,22
CLARENCE,BENNETT,cbennett3x@posterous.com,21
CYNTHIA,GRAY,cgray3y@theguardian.com,21
JOHNNY,COOPER,jcooper3z@cisco.com,26
ANNIE,HALL,ahall40@hexun.com,28
JACK,MITCHELL,jmitchell41@businessweek.com,21
JENNIFER,SMITH,jsmith42@istockphoto.com,20
RONALD,REID,rreid43@live.com,23
ROBERT,WILLIS,rwillis44@mlb.com,23
HELEN,BOYD,hboyd45@ezinearticles.com,25
JULIE,WOOD,jwood46@mail.ru,23
STEVEN,BAKER,sbaker47@photobucket.com,30
MELISSA,HARRIS,mharris48@trellian.com,25
TAMMY,RIVERA,trivera49@eventbrite.com,25
ARTHUR,WATSON,awatson4a@odnoklassniki.ru,26
MICHAEL,ELLIS,mellis4b@msu.edu,28
BRENDA,SIMMONS,bsimmons4c@altervista.org,29
LARRY,FOX,lfox4d@ca.gov,24
PHYLLIS,ELLIS,pellis4e@histats.com,25
SCOTT,BROWN,sbrown4f@marketwatch.com,30
KEITH,HAYES,khayes4g@blogspot.com,27
CHRISTINA,FOWLER,cfowler4h@reddit.com,20
LINDA,ROBERTS,lroberts4i@cnbc.com,24
DAVID,WEST,dwest4j@wikimedia.org,27
ERNEST,SULLIVAN,esullivan4k@abc.net.au,21
DOROTHY,JENKINS,djenkins4l@deviantart.com,27
JASON,WEBB,jwebb4m@hibu.com,27
NICHOLAS,FREEMAN,nfreeman4n@google.ru,27
AMY,MORENO,amoreno4o@networkadvertising.org,30
RAYMOND,ROSE,rrose4p@wordpress.com,27
DOROTHY,LARSON,dlarson4q@seattletimes.com,23
ANNA,RAMIREZ,aramirez4r@spotify.com,24
ANTONIO,MURPHY,amurphy4s@apple.com,28
SEAN,ARNOLD,sarnold4t@liveinternet.ru,27
JANE,BOYD,jboyd4u@storify.com,26
MARGARET,HARRIS,mharris4v@etsy.com,26
RONALD,MORALES,rmorales4w@unesco.org,29
KENNETH,DIXON,kdixon4x@furl.net,21
TODD,HUNTER,thunter4y@tripadvisor.com,28
STEPHEN,SIMPSON,ssimpson4z@miibeian.gov.cn,21
BETTY,SANCHEZ,bsanchez50@yolasite.com,28
HOWARD,PETERSON,hpeterson51@artisteer.com,22
EDWARD,FLORES,eflores52@craigslist.org,24
LISA,POWELL,lpowell53@answers.com,25
ANDREA,RICHARDS,arichards54@plala.or.jp,21
STEVE,KELLEY,skelley55@angelfire.com,25
JEFFREY,HENDERSON,jhenderson56@oracle.com,21
JERRY,GONZALES,jgonzales57@bluehost.com,23
KEVIN,HILL,khill58@guardian.co.uk,20
STEPHEN,HAYES,shayes59@amazon.co.uk,20
LISA,RODRIGUEZ,lrodriguez5a@unesco.org,24
JOAN,FREEMAN,jfreeman5b@mashable.com,24
AMANDA,REYES,areyes5c@biblegateway.com,24
RUBY,ROBINSON,rrobinson5d@webmd.com,23
FRANK,BROOKS,fbrooks5e@hubpages.com,24
KEITH,ALVAREZ,kalvarez5f@elpais.com,20
ARTHUR,KING,aking5g@msn.com,22
GARY,STANLEY,gstanley5h@prnewswire.com,23
BRANDON,PORTER,bporter5i@fotki.com,28
WALTER,FERGUSON,wferguson5j@163.com,24
EUGENE,CARR,ecarr5k@drupal.org,22
JUSTIN,MARTINEZ,jmartinez5l@marriott.com,30
VIRGINIA,PARKER,vparker5m@msn.com,21
RACHEL,MONTGOMERY,rmontgomery5n@over-blog.com,24
NICHOLAS,COLEMAN,ncoleman5o@constantcontact.com,22
SEAN,GARDNER,sgardner5p@nsw.gov.au,26
SUSAN,STEPHENS,sstephens5q@sina.com.cn,26
FRANK,WARREN,fwarren5r@wp.com,24
MARGARET,HARPER,mharper5s@freewebs.com,26
LILLIAN,REED,lreed5t@nasa.gov,22
KELLY,DAVIS,kdavis5u@shop-pro.jp,20
STEVEN,MENDOZA,smendoza5v@wordpress.org,30
DANIEL,ANDREWS,dandrews5w@homestead.com,22
EUGENE,FLORES,eflores5x@abc.net.au,30
JERRY,LOPEZ,jlopez5y@studiopress.com,20
CHRISTINE,GORDON,cgordon5z@wikimedia.org,20
JANICE,COOPER,jcooper60@pinterest.com,24
NICOLE,ADAMS,nadams61@naver.com,23
JASON,GRAHAM,jgraham62@tamu.edu,20
PHILIP,ROSE,prose63@lulu.com,27
JONATHAN,BRYANT,jbryant64@msn.com,25
MARILYN,LITTLE,mlittle65@phpbb.com,21
NICOLE,GARRETT,ngarrett66@loc.gov,30
DIANE,GONZALES,dgonzales67@yahoo.co.jp,27
WILLIAM,DIXON,wdixon68@apple.com,26
HELEN,THOMPSON,hthompson69@japanpost.jp,24
IRENE,SANDERS,isanders6a@networkadvertising.org,23
JACQUELINE,BROOKS,jbrooks6b@weebly.com,22
TINA,BUTLER,tbutler6c@prweb.com,21
ERNEST,MILLER,emiller6d@sourceforge.net,26
RUSSELL,REYES,rreyes6e@shareasale.com,23
BONNIE,DIAZ,bdiaz6f@europa.eu,27
KATHY,BROOKS,kbrooks6g@fotki.com,20
PHYLLIS,ADAMS,padams6h@zdnet.com,24
HARRY,FLORES,hflores6i@timesonline.co.uk,20
ALICE,HUDSON,ahudson6j@sciencedaily.com,24
LOIS,BARNES,lbarnes6k@google.nl,21
JASON,WARD,jward6l@xinhuanet.com,25
JANICE,HANSON,jhanson6m@parallels.com,27
JUDITH,EDWARDS,jedwards6n@t.co,28
JENNIFER,TURNER,jturner6o@army.mil,28
DANIEL,HAMILTON,dhamilton6p@dagondesign.com,23
DENISE,ORTIZ,dortiz6q@fastcompany.com,25
KEVIN,REYNOLDS,kreynolds6r@forbes.com,27
JUDY,MONTGOMERY,jmontgomery6s@narod.ru,24
RANDY,WALKER,rwalker6t@angelfire.com,29
JEREMY,COLE,jcole6u@eventbrite.com,22
DORIS,SHAW,dshaw6v@twitpic.com,23
BRIAN,FULLER,bfuller6w@amazonaws.com,29
JOSE,WELLS,jwells6x@reddit.com,25
MARILYN,KNIGHT,mknight6y@cam.ac.uk,20
JASON,RAY,jray6z@seesaa.net,22
TERRY,WARREN,twarren70@nsw.gov.au,30
MARILYN,GORDON,mgordon71@disqus.com,28
JENNIFER,REED,jreed72@storify.com,27
ROSE,WHITE,rwhite73@nature.com,20
JOE,BAILEY,jbailey74@answers.com,24
STEVE,MEYER,smeyer75@yelp.com,29
ANNE,FREEMAN,afreeman76@cloudflare.com,23
EVELYN,EDWARDS,eedwards77@imdb.com,21
AMANDA,BLACK,ablack78@posterous.com,26
CLARENCE,PALMER,cpalmer79@google.cn,28
ROSE,GARZA,rgarza7a@alibaba.com,26
HAROLD,GRAY,hgray7b@thetimes.co.uk,22
BRIAN,WELCH,bwelch7c@engadget.com,24
ROBERT,FORD,rford7d@prweb.com,30
LAWRENCE,WILSON,lwilson7e@umn.edu,21
JEFFREY,MURRAY,jmurray7f@hibu.com,25
JEAN,HARRIS,jharris7g@oracle.com,30
DEBRA,FOSTER,dfoster7h@studiopress.com,22
GLORIA,RYAN,gryan7i@twitter.com,21
JIMMY,REYNOLDS,jreynolds7j@boston.com,20
KEVIN,BLACK,kblack7k@gmpg.org,29
TERRY,FOWLER,tfowler7l@sphinn.com,25
GERALD,JORDAN,gjordan7m@reuters.com,30
SHAWN,ALEXANDER,salexander7n@joomla.org,27
MICHAEL,CUNNINGHAM,mcunningham7o@statcounter.com,27
CAROLYN,FORD,cford7p@google.co.uk,27
ERIC,GUTIERREZ,egutierrez7q@smh.com.au,30
DIANA,HARPER,dharper7r@toplist.cz,26
DANIEL,KENNEDY,dkennedy7s@auda.org.au,27
JEREMY,FERNANDEZ,jfernandez7t@mlb.com,23
CHRIS,MURRAY,cmurray7u@scientificamerican.com,29
PATRICK,SCOTT,pscott7v@tamu.edu,26
SAMUEL,RICHARDS,srichards7w@flavors.me,25
ROY,GARZA,rgarza7x@goo.ne.jp,28
PATRICIA,WALLACE,pwallace7y@amazon.co.jp,29
JESSE,PIERCE,jpierce7z@amazon.co.uk,24
MARIE,WILLIS,mwillis80@abc.net.au,23
JOE,LYNCH,jlynch81@hibu.com,29
ASHLEY,SNYDER,asnyder82@illinois.edu,30
CRAIG,WRIGHT,cwright83@php.net,29
LOUIS,CASTILLO,lcastillo84@mail.ru,29
ARTHUR,YOUNG,ayoung85@boston.com,30
LINDA,GREENE,lgreene86@wp.com,24
ERNEST,WAGNER,ewagner87@nytimes.com,20
DAVID,RIVERA,drivera88@yellowpages.com,24
JOHN,CARPENTER,jcarpenter89@mediafire.com,22
ANNA,FOSTER,afoster8a@ucoz.ru,20
CARLOS,SULLIVAN,csullivan8b@sohu.com,27
